"city_state","date"
"Abilene,TX","oct_25"
"Abington,PA","oct_25"
"Ada,ID","oct_25"
"Aiken,SC","oct_25"
"Akron,OH","oct_25"
"Alameda,CA","oct_25"
"Alameda,CA","oct_25"
"Albany,GA","oct_25"
"Albany,NY","oct_25"
"Albemarle,VA","oct_25"
"Albuquerque,NM","oct_25"
"Alexandria,VA","oct_25"
"Alhambra,CA","oct_25"
"Aliso Viejo,CA","oct_25"
"Allen,TX","oct_25"
"Allentown,PA","oct_25"
"Alpharetta,GA","oct_25"
"Ames,IA","oct_25"
"Anaheim,CA","oct_25"
"Anderson,SC","oct_25"
"Ankeny,IA","oct_25"
"Ann Arbor,MI","oct_25"
"Antioch,CA","oct_25"
"Apple Valley,MN","oct_25"
"Appleton,WI","oct_25"
"Arapahoe,CO","oct_25"
"Arcadia,CA","oct_25"
"Arlington Heights,IL","oct_25"
"Arlington,TX","oct_25"
"Arlington,VA","oct_25"
"Arvada,CO","oct_25"
"Asheville,NC","oct_25"
"Atlanta,GA","oct_25"
"Aurora,CO","oct_25"
"Austin,TX","oct_25"
"Bakersfield,CA","oct_25"
"Baldwin Park,CA","oct_25"
"Baltimore,MD","oct_25"
"Baltimore,MD","oct_25"
"Battle Creek,MI","oct_25"
"Baytown,TX","oct_25"
"Beaumont,TX","oct_25"
"Bellevue,NE","oct_25"
"Bellingham,WA","oct_25"
"Bend,OR","oct_25"
"Bentonville,AR","oct_25"
"Berkeley,CA","oct_25"
"Berkeley,SC","oct_25"
"Bethlehem,PA","oct_25"
"Billings,MT","oct_25"
"Birmingham,AL","oct_25"
"Bismarck,ND","oct_25"
"Blaine,MN","oct_25"
"Bloomfield,NJ","oct_25"
"Bloomington,MN","oct_25"
"Blue Springs,MO","oct_25"
"Bolingbrook,IL","oct_25"
"Boone,KY","oct_25"
"Bossier City,LA","oct_25"
"Boston,MA","oct_25"
"Bowie,MD","oct_25"
"Bowling Green,KY","oct_25"
"Bozeman,MT","oct_25"
"Brazoria,TX","oct_25"
"Brentwood,CA","oct_25"
"Bridgeport,CT","oct_25"
"Bristol,CT","oct_25"
"Brockton,MA","oct_25"
"Broken Arrow,OK","oct_25"
"Brooklyn Park,MN","oct_25"
"Broomfield,CO","oct_25"
"Brownsville,TX","oct_25"
"Buckeye,AZ","oct_25"
"Buena Park,CA","oct_25"
"Buffalo,NY","oct_25"
"Buncombe,NC","oct_25"
"Burbank,CA","oct_25"
"Burleson,TX","oct_25"
"Burlington,NC","oct_25"
"Burlington,VT","oct_25"
"Burnsville,MN","oct_25"
"Camarillo,CA","oct_25"
"Cambridge,MA","oct_25"
"Cameron,TX","oct_25"
"Canton Township,MI","oct_25"
"Carlsbad,CA","oct_25"
"Carmel,IN","oct_25"
"Carrollton,TX","oct_25"
"Cary,NC","oct_25"
"Casa Grande,AZ","oct_25"
"Castle Rock,CO","oct_25"
"Cedar Park,TX","oct_25"
"Cedar Rapids,IA","oct_25"
"Centennial,CO","oct_25"
"Champaign,IL","oct_25"
"Chapel Hill,NC","oct_25"
"Charleston,SC","oct_25"
"Charlotte,NC","oct_25"
"Chattanooga,TN","oct_25"
"Cherry Hill Township,NJ","oct_25"
"Chesapeake,VA","oct_25"
"Chicago,IL","oct_25"
"Chico,CA","oct_25"
"Chicopee,MA","oct_25"
"Chino,CA","oct_25"
"Chula Vista,CA","oct_25"
"Cicero,IL","oct_25"
"Cincinnati,OH","oct_25"
"Citrus Heights,CA","oct_25"
"Clackamas,OR","oct_25"
"Cleveland,OH","oct_25"
"Clifton,NJ","oct_25"
"Clinton Township,MI","oct_25"
"Clovis,CA","oct_25"
"Coeur D Alene,ID","oct_25"
"Colerain Township,OH","oct_25"
"College Station,TX","oct_25"
"Collin,TX","oct_25"
"Colonie Town,NY","oct_25"
"Colorado Springs,CO","oct_25"
"Columbia,MO","oct_25"
"Columbus,OH","oct_25"
"Comal,TX","oct_25"
"Commerce City,CO","oct_25"
"Concord,CA","oct_25"
"Concord,NC","oct_25"
"Conroe,TX","oct_25"
"Conway,AR","oct_25"
"Coon Rapids,MN","oct_25"
"Corona,CA","oct_25"
"Corpus Christi,TX","oct_25"
"Council Bluffs,IA","oct_25"
"Cranston,RI","oct_25"
"Dallas,TX","oct_25"
"Daly City,CA","oct_25"
"Danbury,CT","oct_25"
"Davenport,IA","oct_25"
"Davis,CA","oct_25"
"Dayton,OH","oct_25"
"Dearborn Heights,MI","oct_25"
"Dearborn,MI","oct_25"
"Decatur,IL","oct_25"
"Delaware,OH","oct_25"
"Denton,TX","oct_25"
"Denton,TX","oct_25"
"Denver,CO","oct_25"
"Des Moines,IA","oct_25"
"Des Plaines,IL","oct_25"
"Desoto,TX","oct_25"
"Detroit,MI","oct_25"
"Douglas,NE","oct_25"
"Draper,UT","oct_25"
"Dublin,OH","oct_25"
"Dubuque,IA","oct_25"
"Duluth,MN","oct_25"
"Dunwoody,GA","oct_25"
"Durham,NC","oct_25"
"Eagan,MN","oct_25"
"East Baton Rouge,LA","oct_25"
"East Hartford,CT","oct_25"
"Eau Claire,WI","oct_25"
"Eden Prairie,MN","oct_25"
"Edina,MN","oct_25"
"Edinburg,TX","oct_25"
"Edmond,OK","oct_25"
"El Cajon,CA","oct_25"
"El Dorado,CA","oct_25"
"El Monte,CA","oct_25"
"El Paso,CO","oct_25"
"El Paso,TX","oct_25"
"El Paso,TX","oct_25"
"Elizabeth,NJ","oct_25"
"Elk Grove,CA","oct_25"
"Elkhart,IN","oct_25"
"Elyria,OH","oct_25"
"Enid,OK","oct_25"
"Erie,PA","oct_25"
"Escondido,CA","oct_25"
"Euclid,OH","oct_25"
"Eugene,OR","oct_25"
"Euless,TX","oct_25"
"Evansville,IN","oct_25"
"Everett,MA","oct_25"
"Fairfield,CA","oct_25"
"Fairfield,CT","oct_25"
"Fall River,MA","oct_25"
"Fargo,ND","oct_25"
"Farmington Hills,MI","oct_25"
"Fayetteville,AR","oct_25"
"Fishers,IN","oct_25"
"Flower Mound,TX","oct_25"
"Folsom,CA","oct_25"
"Fontana,CA","oct_25"
"Forsyth,GA","oct_25"
"Forsyth,NC","oct_25"
"Fort Bend,TX","oct_25"
"Fort Wayne,IN","oct_25"
"Fort Worth,TX","oct_25"
"Fountain Valley,CA","oct_25"
"Franklin,TN","oct_25"
"Fresno,CA","oct_25"
"Frisco,TX","oct_25"
"Fullerton,CA","oct_25"
"Galveston,TX","oct_25"
"Gardena,CA","oct_25"
"Garland,TX","oct_25"
"Gastonia,NC","oct_25"
"Georgetown,TX","oct_25"
"Gilbert,AZ","oct_25"
"Gilroy,CA","oct_25"
"Glendale,CA","oct_25"
"Goodyear,AZ","oct_25"
"Grand Forks,ND","oct_25"
"Grand Island,NE","oct_25"
"Grand Junction,CO","oct_25"
"Grand Prairie,TX","oct_25"
"Grand Rapids,MI","oct_25"
"Grapevine,TX","oct_25"
"Great Falls,MT","oct_25"
"Green Bay,WI","oct_25"
"Green Township,OH","oct_25"
"Greenville,NC","oct_25"
"Greenville,SC","oct_25"
"Greenwood,IN","oct_25"
"Gresham,OR","oct_25"
"Guilford,NC","oct_25"
"Hall,GA","oct_25"
"Hamilton Township,NJ","oct_25"
"Hamilton,OH","oct_25"
"Hamilton,TN","oct_25"
"Hampton,VA","oct_25"
"Hanover,VA","oct_25"
"Harlingen,TX","oct_25"
"Harris,TX","oct_25"
"Harrisburg,PA","oct_25"
"Harrisonburg,VA","oct_25"
"Hartford,CT","oct_25"
"Haverhill,MA","oct_25"
"Hays,TX","oct_25"
"Hayward,CA","oct_25"
"Henderson,NV","oct_25"
"Hendersonville,TN","oct_25"
"Hidalgo,TX","oct_25"
"High Point,NC","oct_25"
"Hillsboro,OR","oct_25"
"Hoboken,NJ","oct_25"
"Honolulu,HI","oct_25"
"Houston,TX","oct_25"
"Huntersville,NC","oct_25"
"Independence,MO","oct_25"
"Indianapolis,IN","oct_25"
"Iowa City,IA","oct_25"
"Iredell,NC","oct_25"
"Irvine,CA","oct_25"
"Irving,TX","oct_25"
"Jackson,TN","oct_25"
"Jacksonville,FL","oct_25"
"Janesville,WI","oct_25"
"Jefferson,CO","oct_25"
"Jefferson,LA","oct_25"
"Jefferson,MO","oct_25"
"Jersey City,NJ","oct_25"
"Johns Creek,GA","oct_25"
"Johnson City,TN","oct_25"
"Johnston,NC","oct_25"
"Joplin,MO","oct_25"
"Kalamazoo,MI","oct_25"
"Kannapolis,NC","oct_25"
"Kansas City,MO","oct_25"
"Kaufman,TX","oct_25"
"Kenosha,WI","oct_25"
"Kent,MI","oct_25"
"Killeen,TX","oct_25"
"Kingsport,TN","oct_25"
"Knox,TN","oct_25"
"Knoxville,TN","oct_25"
"Kyle,TX","oct_25"
"La Crosse,WI","oct_25"
"La Mesa,CA","oct_25"
"Lafayette,LA","oct_25"
"Lake Charles,LA","oct_25"
"Lake Havasu City,AZ","oct_25"
"Lakeville,MN","oct_25"
"Lancaster,PA","oct_25"
"Lancaster,SC","oct_25"
"Laredo,TX","oct_25"
"Las Vegas,NV","oct_25"
"Lawrence,MA","oct_25"
"Layton,UT","oct_25"
"League City,TX","oct_25"
"Leander,TX","oct_25"
"Lee's Summit,MO","oct_25"
"Lenexa,KS","oct_25"
"Lewisville,TX","oct_25"
"Lexington,KY","oct_25"
"Lexington,SC","oct_25"
"Lincoln,CA","oct_25"
"Lincoln,NE","oct_25"
"Little Elm,TX","oct_25"
"Little Rock,AR","oct_25"
"Livermore,CA","oct_25"
"Livingston,LA","oct_25"
"Livingston,MI","oct_25"
"Livonia,MI","oct_25"
"Logan,UT","oct_25"
"Long Beach,CA","oct_25"
"Longview,TX","oct_25"
"Lorain,OH","oct_25"
"Los Angeles,CA","oct_25"
"Los Angeles,CA","oct_25"
"Loudoun,VA","oct_25"
"Louisville,KY","oct_25"
"Loveland,CO","oct_25"
"Lower Merion,PA","oct_25"
"Lower Paxton,PA","oct_25"
"Lubbock,TX","oct_25"
"Lynchburg,VA","oct_25"
"Lynn,MA","oct_25"
"Macomb,MI","oct_25"
"Madera,CA","oct_25"
"Madison,WI","oct_25"
"Malden,MA","oct_25"
"Manchester,NH","oct_25"
"Mansfield,TX","oct_25"
"Manteca,CA","oct_25"
"Maple Grove,MN","oct_25"
"McAllen,TX","oct_25"
"Mckinney,TX","oct_25"
"Medford,MA","oct_25"
"Merced,CA","oct_25"
"Meridian,ID","oct_25"
"Mesa,AZ","oct_25"
"Mesquite,TX","oct_25"
"Methuen,MA","oct_25"
"Miami Beach,FL","oct_25"
"Miami,FL","oct_25"
"Midwest City,OK","oct_25"
"Millcreek,PA","oct_25"
"Milpitas,CA","oct_25"
"Milwaukee,WI","oct_25"
"Minneapolis,MN","oct_25"
"Minnetonka,MN","oct_25"
"Monterey Park,CA","oct_25"
"Monterey,CA","oct_25"
"Montgomery,MD","oct_25"
"Moore,OK","oct_25"
"Mooresville,NC","oct_25"
"Mount Pleasant,SC","oct_25"
"Mount Prospect,IL","oct_25"
"Mount Vernon,NY","oct_25"
"Mountain View,CA","oct_25"
"Murfreesboro,TN","oct_25"
"Murrieta,CA","oct_25"
"Napa,CA","oct_25"
"Nashville,TN","oct_25"
"National City,CA","oct_25"
"New Bedford,MA","oct_25"
"New Braunfels,TX","oct_25"
"New Britain,CT","oct_25"
"New Hanover,NC","oct_25"
"New Orleans,LA","oct_25"
"New York City,NY","oct_25"
"Newark,NJ","oct_25"
"Newark,OH","oct_25"
"Newport Beach,CA","oct_25"
"Newport News,VA","oct_25"
"Noblesville,IN","oct_25"
"North Bergen Township,NJ","oct_25"
"North Charleston,SC","oct_25"
"North Las Vegas,NV","oct_25"
"North Little Rock,AR","oct_25"
"North Richland Hills,TX","oct_25"
"Norwalk,CT","oct_25"
"Novi,MI","oct_25"
"Oak Lawn,IL","oct_25"
"Oceanside,CA","oct_25"
"Odessa,TX","oct_25"
"Ogden,UT","oct_25"
"Oklahoma City,OK","oct_25"
"Omaha,NE","oct_25"
"Orem,UT","oct_25"
"Oshkosh,WI","oct_25"
"Owensboro,KY","oct_25"
"Oxnard,CA","oct_25"
"Palatine,IL","oct_25"
"Palo Alto,CA","oct_25"
"Parker,CO","oct_25"
"Parker,TX","oct_25"
"Pasadena,CA","oct_25"
"Pasadena,TX","oct_25"
"Paterson,NJ","oct_25"
"Paulding,GA","oct_25"
"Pawtucket,RI","oct_25"
"Pearland,TX","oct_25"
"Petaluma,CA","oct_25"
"Pflugerville,TX","oct_25"
"Pharr,TX","oct_25"
"Philadelphia,PA","oct_25"
"Pima,AZ","oct_25"
"Pinal,AZ","oct_25"
"Pittsburgh,PA","oct_25"
"Placer,CA","oct_25"
"Plano,TX","oct_25"
"Pleasanton,CA","oct_25"
"Plymouth,MN","oct_25"
"Pocatello,ID","oct_25"
"Pomona,CA","oct_25"
"Pontiac,MI","oct_25"
"Porterville,CA","oct_25"
"Portland,OR","oct_25"
"Portsmouth,VA","oct_25"
"Prescott Valley,AZ","oct_25"
"Prince George's,MD","oct_25"
"Providence,RI","oct_25"
"Quincy,MA","oct_25"
"Racine,WI","oct_25"
"Raleigh,NC","oct_25"
"Reading,PA","oct_25"
"Redlands,CA","oct_25"
"Redmond,WA","oct_25"
"Redondo Beach,CA","oct_25"
"Redwood City,CA","oct_25"
"Reno,NV","oct_25"
"Revere,MA","oct_25"
"Richardson,TX","oct_25"
"Richland,WA","oct_25"
"Richmond,CA","oct_25"
"Richmond,VA","oct_25"
"Riverside,CA","oct_25"
"Rochester Hills,MI","oct_25"
"Rochester,NY","oct_25"
"Rock Hill,SC","oct_25"
"Rockford,IL","oct_25"
"Rocklin,CA","oct_25"
"Rockwall,TX","oct_25"
"Roseville,CA","oct_25"
"Roswell,GA","oct_25"
"Round Rock,TX","oct_25"
"Rowlett,TX","oct_25"
"Royal Oak,MI","oct_25"
"Rutherford,TN","oct_25"
"Sacramento,CA","oct_25"
"Sacramento,CA","oct_25"
"Salt Lake City,UT","oct_25"
"San Angelo,TX","oct_25"
"San Antonio,TX","oct_25"
"San Diego,CA","oct_25"
"San Diego,CA","oct_25"
"San Francisco,CA","oct_25"
"San Marcos,TX","oct_25"
"San Mateo,CA","oct_25"
"San Mateo,CA","oct_25"
"San Rafael,CA","oct_25"
"Santa Clara,CA","oct_25"
"Santa Cruz,CA","oct_25"
"Santa Cruz,CA","oct_25"
"Santa Fe,NM","oct_25"
"Santa Maria,CA","oct_25"
"Sarasota,FL","oct_25"
"Sarpy,NE","oct_25"
"Schaumburg,IL","oct_25"
"Schenectady,NY","oct_25"
"Scranton,PA","oct_25"
"Seattle,WA","oct_25"
"Shawnee,KS","oct_25"
"Shelby Township,MI","oct_25"
"Shreveport,LA","oct_25"
"Simi Valley,CA","oct_25"
"Sioux City,IA","oct_25"
"Sioux Falls,SD","oct_25"
"Skokie,IL","oct_25"
"Smith,TX","oct_25"
"Smyrna,TN","oct_25"
"Somerville,MA","oct_25"
"Sonoma,CA","oct_25"
"South Bend,IN","oct_25"
"South Jordan,UT","oct_25"
"South San Francisco,CA","oct_25"
"Southaven,MS","oct_25"
"Southfield,MI","oct_25"
"Sparks,NV","oct_25"
"Spokane Valley,WA","oct_25"
"Spokane,WA","oct_25"
"Spotsylvania,VA","oct_25"
"Spring Hill,TN","oct_25"
"Springfield,IL","oct_25"
"Springfield,OH","oct_25"
"St Charles,MO","oct_25"
"St Charles,MO","oct_25"
"St Joseph,MO","oct_25"
"St Louis,MO","oct_25"
"St Louis,MO","oct_25"
"St Peters,MO","oct_25"
"St. Clair Shores,MI","oct_25"
"St. Cloud,MN","oct_25"
"St. Paul,MN","oct_25"
"Stafford,VA","oct_25"
"Stark,OH","oct_25"
"State College,PA","oct_25"
"Sterling Heights,MI","oct_25"
"Stockton,CA","oct_25"
"Stratford,CT","oct_25"
"Suffolk,VA","oct_25"
"Sugar Land,TX","oct_25"
"Sunnyvale,CA","oct_25"
"Tacoma,WA","oct_25"
"Taunton,MA","oct_25"
"Taylor,MI","oct_25"
"Tempe,AZ","oct_25"
"Texas City,TX","oct_25"
"Thornton,CO","oct_25"
"Thousand Oaks,CA","oct_25"
"Thurston,WA","oct_25"
"Tigard,OR","oct_25"
"Tinley Park,IL","oct_25"
"Torrance,CA","oct_25"
"Tracy,CA","oct_25"
"Travis,TX","oct_25"
"Troy,MI","oct_25"
"Tucson,AZ","oct_25"
"Tulare,CA","oct_25"
"Tulsa,OK","oct_25"
"Twin Falls,ID","oct_25"
"Tyler,TX","oct_25"
"Upper Darby,PA","oct_25"
"Utica,NY","oct_25"
"Vallejo,CA","oct_25"
"Ventura,CA","oct_25"
"Victoria,TX","oct_25"
"Visalia,CA","oct_25"
"Waco,TX","oct_25"
"Wake,NC","oct_25"
"Walnut Creek,CA","oct_25"
"Waltham,MA","oct_25"
"Warren,MI","oct_25"
"Warren,OH","oct_25"
"Warwick,RI","oct_25"
"Washington,DC","oct_25"
"Washington,MD","oct_25"
"Washington,OR","oct_25"
"Washtenaw,MI","oct_25"
"Waterbury,CT","oct_25"
"Waterford Township,MI","oct_25"
"Waterloo,IA","oct_25"
"Waukesha,WI","oct_25"
"Wayne Township,NJ","oct_25"
"West Allis,WI","oct_25"
"West Bloomfield Township,MI","oct_25"
"West Chester Township,OH","oct_25"
"West Covina,CA","oct_25"
"West Des Moines,IA","oct_25"
"West Hartford,CT","oct_25"
"West Haven,CT","oct_25"
"West Jordan,UT","oct_25"
"West New York,NJ","oct_25"
"West Valley,UT","oct_25"
"Westfield,IN","oct_25"
"Westland,MI","oct_25"
"Westminster,CO","oct_25"
"Weymouth,MA","oct_25"
"Wichita Falls,TX","oct_25"
"Will,IL","oct_25"
"Williamson,TX","oct_25"
"Wilmington,NC","oct_25"
"Woodbury,MN","oct_25"
"Wright,MN","oct_25"
"Wyoming,MI","oct_25"
"Yavapai,AZ","oct_25"
"Yorba Linda,CA","oct_25"
"Yuma,AZ","oct_25"
