"city_state_id","city_state","Agency Name","State","date","Agency_Type"
"Abington,PA,City","Abington,PA","Abington","PA","sep_25","City"
"Ada,ID,County","Ada,ID","Ada","ID","sep_25","County"
"Aiken,SC,County","Aiken,SC","Aiken","SC","sep_25","County"
"Akron,OH,City","Akron,OH","Akron","OH","sep_25","City"
"Alameda,CA,City","Alameda,CA","Alameda","CA","sep_25","City"
"Alameda,CA,County","Alameda,CA","Alameda","CA","sep_25","County"
"Albany,GA,City","Albany,GA","Albany","GA","sep_25","City"
"Albemarle,VA,County","Albemarle,VA","Albemarle","VA","sep_25","County"
"Alexandria,VA,City","Alexandria,VA","Alexandria","VA","sep_25","City"
"Alhambra,CA,City","Alhambra,CA","Alhambra","CA","sep_25","City"
"Aliso Viejo,CA,City","Aliso Viejo,CA","Aliso Viejo","CA","sep_25","City"
"Allen,TX,City","Allen,TX","Allen","TX","sep_25","City"
"Allentown,PA,City","Allentown,PA","Allentown","PA","sep_25","City"
"Ames,IA,City","Ames,IA","Ames","IA","sep_25","City"
"Anaheim,CA,City","Anaheim,CA","Anaheim","CA","sep_25","City"
"Anderson,SC,County","Anderson,SC","Anderson","SC","sep_25","County"
"Ankeny,IA,City","Ankeny,IA","Ankeny","IA","sep_25","City"
"Ann Arbor,MI,City","Ann Arbor,MI","Ann Arbor","MI","sep_25","City"
"Apple Valley,MN,City","Apple Valley,MN","Apple Valley","MN","sep_25","City"
"Appleton,WI,City","Appleton,WI","Appleton","WI","sep_25","City"
"Arlington Heights,IL,City","Arlington Heights,IL","Arlington Heights","IL","sep_25","City"
"Arlington,TX,City","Arlington,TX","Arlington","TX","sep_25","City"
"Arlington,VA,County","Arlington,VA","Arlington","VA","sep_25","County"
"Arvada,CO,City","Arvada,CO","Arvada","CO","sep_25","City"
"Asheville,NC,City","Asheville,NC","Asheville","NC","sep_25","City"
"Atlanta,GA,City","Atlanta,GA","Atlanta","GA","sep_25","City"
"Aurora,CO,City","Aurora,CO","Aurora","CO","sep_25","City"
"Austin,TX,City","Austin,TX","Austin","TX","sep_25","City"
"Avondale,AZ,City","Avondale,AZ","Avondale","AZ","sep_25","City"
"Bakersfield,CA,City","Bakersfield,CA","Bakersfield","CA","sep_25","City"
"Baldwin Park,CA,City","Baldwin Park,CA","Baldwin Park","CA","sep_25","City"
"Baltimore,MD,City","Baltimore,MD","Baltimore","MD","sep_25","City"
"Baltimore,MD,County","Baltimore,MD","Baltimore","MD","sep_25","County"
"Battle Creek,MI,City","Battle Creek,MI","Battle Creek","MI","sep_25","City"
"Baytown,TX,City","Baytown,TX","Baytown","TX","sep_25","City"
"Beaumont,CA,City","Beaumont,CA","Beaumont","CA","sep_25","City"
"Beaumont,TX,City","Beaumont,TX","Beaumont","TX","sep_25","City"
"Bellevue,NE,City","Bellevue,NE","Bellevue","NE","sep_25","City"
"Bellingham,WA,City","Bellingham,WA","Bellingham","WA","sep_25","City"
"Bend,OR,City","Bend,OR","Bend","OR","sep_25","City"
"Bentonville,AR,City","Bentonville,AR","Bentonville","AR","sep_25","City"
"Berkeley,CA,City","Berkeley,CA","Berkeley","CA","sep_25","City"
"Berkeley,SC,County","Berkeley,SC","Berkeley","SC","sep_25","County"
"Bethlehem,PA,City","Bethlehem,PA","Bethlehem","PA","sep_25","City"
"Billings,MT,City","Billings,MT","Billings","MT","sep_25","City"
"Birmingham,AL,City","Birmingham,AL","Birmingham","AL","sep_25","City"
"Bismarck,ND,City","Bismarck,ND","Bismarck","ND","sep_25","City"
"Blaine,MN,City","Blaine,MN","Blaine","MN","sep_25","City"
"Bloomfield,NJ,City","Bloomfield,NJ","Bloomfield","NJ","sep_25","City"
"Bloomington,MN,City","Bloomington,MN","Bloomington","MN","sep_25","City"
"Blue Springs,MO,City","Blue Springs,MO","Blue Springs","MO","sep_25","City"
"Bolingbrook,IL,City","Bolingbrook,IL","Bolingbrook","IL","sep_25","City"
"Boone,KY,County","Boone,KY","Boone","KY","sep_25","County"
"Boston,MA,City","Boston,MA","Boston","MA","sep_25","City"
"Bowie,MD,City","Bowie,MD","Bowie","MD","sep_25","City"
"Bowling Green,KY,City","Bowling Green,KY","Bowling Green","KY","sep_25","City"
"Bozeman,MT,City","Bozeman,MT","Bozeman","MT","sep_25","City"
"Brazoria,TX,County","Brazoria,TX","Brazoria","TX","sep_25","County"
"Brentwood,CA,City","Brentwood,CA","Brentwood","CA","sep_25","City"
"Bridgeport,CT,City","Bridgeport,CT","Bridgeport","CT","sep_25","City"
"Bristol,CT,City","Bristol,CT","Bristol","CT","sep_25","City"
"Brockton,MA,City","Brockton,MA","Brockton","MA","sep_25","City"
"Broken Arrow,OK,City","Broken Arrow,OK","Broken Arrow","OK","sep_25","City"
"Brooklyn Park,MN,City","Brooklyn Park,MN","Brooklyn Park","MN","sep_25","City"
"Broomfield,CO,City","Broomfield,CO","Broomfield","CO","sep_25","City"
"Brownsville,TX,City","Brownsville,TX","Brownsville","TX","sep_25","City"
"Buckeye,AZ,City","Buckeye,AZ","Buckeye","AZ","sep_25","City"
"Buffalo,NY,City","Buffalo,NY","Buffalo","NY","sep_25","City"
"Buncombe,NC,County","Buncombe,NC","Buncombe","NC","sep_25","County"
"Burbank,CA,City","Burbank,CA","Burbank","CA","sep_25","City"
"Burleson,TX,City","Burleson,TX","Burleson","TX","sep_25","City"
"Burlington,NC,City","Burlington,NC","Burlington","NC","sep_25","City"
"Burlington,VT,City","Burlington,VT","Burlington","VT","sep_25","City"
"Burnsville,MN,City","Burnsville,MN","Burnsville","MN","sep_25","City"
"Camarillo,CA,City","Camarillo,CA","Camarillo","CA","sep_25","City"
"Cambridge,MA,City","Cambridge,MA","Cambridge","MA","sep_25","City"
"Cameron,TX,County","Cameron,TX","Cameron","TX","sep_25","County"
"Canton Township,MI,City","Canton Township,MI","Canton Township","MI","sep_25","City"
"Canton,OH,City","Canton,OH","Canton","OH","sep_25","City"
"Carlsbad,CA,City","Carlsbad,CA","Carlsbad","CA","sep_25","City"
"Carmel,IN,City","Carmel,IN","Carmel","IN","sep_25","City"
"Carrollton,TX,City","Carrollton,TX","Carrollton","TX","sep_25","City"
"Cary,NC,City","Cary,NC","Cary","NC","sep_25","City"
"Casa Grande,AZ,City","Casa Grande,AZ","Casa Grande","AZ","sep_25","City"
"Castle Rock,CO,City","Castle Rock,CO","Castle Rock","CO","sep_25","City"
"Cedar Park,TX,City","Cedar Park,TX","Cedar Park","TX","sep_25","City"
"Cedar Rapids,IA,City","Cedar Rapids,IA","Cedar Rapids","IA","sep_25","City"
"Champaign,IL,City","Champaign,IL","Champaign","IL","sep_25","City"
"Chandler,AZ,City","Chandler,AZ","Chandler","AZ","sep_25","City"
"Chapel Hill,NC,City","Chapel Hill,NC","Chapel Hill","NC","sep_25","City"
"Charleston,SC,City","Charleston,SC","Charleston","SC","sep_25","City"
"Charlotte,NC,City","Charlotte,NC","Charlotte","NC","sep_25","City"
"Chattanooga,TN,City","Chattanooga,TN","Chattanooga","TN","sep_25","City"
"Cherry Hill Township,NJ,City","Cherry Hill Township,NJ","Cherry Hill Township","NJ","sep_25","City"
"Cheyenne,WY,City","Cheyenne,WY","Cheyenne","WY","sep_25","City"
"Chicago,IL,City","Chicago,IL","Chicago","IL","sep_25","City"
"Chico,CA,City","Chico,CA","Chico","CA","sep_25","City"
"Chicopee,MA,City","Chicopee,MA","Chicopee","MA","sep_25","City"
"Chino,CA,City","Chino,CA","Chino","CA","sep_25","City"
"Chula Vista,CA,City","Chula Vista,CA","Chula Vista","CA","sep_25","City"
"Cicero,IL,City","Cicero,IL","Cicero","IL","sep_25","City"
"Cincinnati,OH,City","Cincinnati,OH","Cincinnati","OH","sep_25","City"
"Citrus Heights,CA,City","Citrus Heights,CA","Citrus Heights","CA","sep_25","City"
"Cleveland,OH,City","Cleveland,OH","Cleveland","OH","sep_25","City"
"Clifton,NJ,City","Clifton,NJ","Clifton","NJ","sep_25","City"
"Clovis,CA,City","Clovis,CA","Clovis","CA","sep_25","City"
"Coeur D Alene,ID,City","Coeur D Alene,ID","Coeur D Alene","ID","sep_25","City"
"Colerain Township,OH,City","Colerain Township,OH","Colerain Township","OH","sep_25","City"
"College Station,TX,City","College Station,TX","College Station","TX","sep_25","City"
"Collierville,TN,City","Collierville,TN","Collierville","TN","sep_25","City"
"Collin,TX,County","Collin,TX","Collin","TX","sep_25","County"
"Colorado Springs,CO,City","Colorado Springs,CO","Colorado Springs","CO","sep_25","City"
"Columbia,MO,City","Columbia,MO","Columbia","MO","sep_25","City"
"Columbus,OH,City","Columbus,OH","Columbus","OH","sep_25","City"
"Comal,TX,County","Comal,TX","Comal","TX","sep_25","County"
"Commerce City,CO,City","Commerce City,CO","Commerce City","CO","sep_25","City"
"Concord,NC,City","Concord,NC","Concord","NC","sep_25","City"
"Conroe,TX,City","Conroe,TX","Conroe","TX","sep_25","City"
"Conway,AR,City","Conway,AR","Conway","AR","sep_25","City"
"Coon Rapids,MN,City","Coon Rapids,MN","Coon Rapids","MN","sep_25","City"
"Corona,CA,City","Corona,CA","Corona","CA","sep_25","City"
"Corpus Christi,TX,City","Corpus Christi,TX","Corpus Christi","TX","sep_25","City"
"Council Bluffs,IA,City","Council Bluffs,IA","Council Bluffs","IA","sep_25","City"
"Cranston,RI,City","Cranston,RI","Cranston","RI","sep_25","City"
"Dallas,TX,City","Dallas,TX","Dallas","TX","sep_25","City"
"Daly City,CA,City","Daly City,CA","Daly City","CA","sep_25","City"
"Danbury,CT,City","Danbury,CT","Danbury","CT","sep_25","City"
"Davenport,IA,City","Davenport,IA","Davenport","IA","sep_25","City"
"Davis,CA,City","Davis,CA","Davis","CA","sep_25","City"
"Dayton,OH,City","Dayton,OH","Dayton","OH","sep_25","City"
"Dearborn Heights,MI,City","Dearborn Heights,MI","Dearborn Heights","MI","sep_25","City"
"Dearborn,MI,City","Dearborn,MI","Dearborn","MI","sep_25","City"
"Decatur,IL,City","Decatur,IL","Decatur","IL","sep_25","City"
"Delaware,OH,County","Delaware,OH","Delaware","OH","sep_25","County"
"Denton,TX,City","Denton,TX","Denton","TX","sep_25","City"
"Denton,TX,County","Denton,TX","Denton","TX","sep_25","County"
"Denver,CO,City","Denver,CO","Denver","CO","sep_25","City"
"Des Moines,IA,City","Des Moines,IA","Des Moines","IA","sep_25","City"
"Des Plaines,IL,City","Des Plaines,IL","Des Plaines","IL","sep_25","City"
"Desoto,TX,City","Desoto,TX","Desoto","TX","sep_25","City"
"Detroit,MI,City","Detroit,MI","Detroit","MI","sep_25","City"
"Douglas,CO,County","Douglas,CO","Douglas","CO","sep_25","County"
"Douglas,NE,County","Douglas,NE","Douglas","NE","sep_25","County"
"Draper,UT,City","Draper,UT","Draper","UT","sep_25","City"
"Dublin,OH,City","Dublin,OH","Dublin","OH","sep_25","City"
"Dubuque,IA,City","Dubuque,IA","Dubuque","IA","sep_25","City"
"Duluth,MN,City","Duluth,MN","Duluth","MN","sep_25","City"
"Dunwoody,GA,City","Dunwoody,GA","Dunwoody","GA","sep_25","City"
"Durham,NC,City","Durham,NC","Durham","NC","sep_25","City"
"Eagan,MN,City","Eagan,MN","Eagan","MN","sep_25","City"
"East Baton Rouge,LA,County","East Baton Rouge,LA","East Baton Rouge","LA","sep_25","County"
"East Hartford,CT,City","East Hartford,CT","East Hartford","CT","sep_25","City"
"Eau Claire,WI,City","Eau Claire,WI","Eau Claire","WI","sep_25","City"
"Eden Prairie,MN,City","Eden Prairie,MN","Eden Prairie","MN","sep_25","City"
"Edina,MN,City","Edina,MN","Edina","MN","sep_25","City"
"Edinburg,TX,City","Edinburg,TX","Edinburg","TX","sep_25","City"
"Edmond,OK,City","Edmond,OK","Edmond","OK","sep_25","City"
"El Cajon,CA,City","El Cajon,CA","El Cajon","CA","sep_25","City"
"El Dorado,CA,County","El Dorado,CA","El Dorado","CA","sep_25","County"
"El Monte,CA,City","El Monte,CA","El Monte","CA","sep_25","City"
"El Paso,CO,County","El Paso,CO","El Paso","CO","sep_25","County"
"El Paso,TX,City","El Paso,TX","El Paso","TX","sep_25","City"
"El Paso,TX,County","El Paso,TX","El Paso","TX","sep_25","County"
"Elizabeth,NJ,City","Elizabeth,NJ","Elizabeth","NJ","sep_25","City"
"Elk Grove,CA,City","Elk Grove,CA","Elk Grove","CA","sep_25","City"
"Elkhart,IN,City","Elkhart,IN","Elkhart","IN","sep_25","City"
"Elyria,OH,City","Elyria,OH","Elyria","OH","sep_25","City"
"Enid,OK,City","Enid,OK","Enid","OK","sep_25","City"
"Erie,PA,City","Erie,PA","Erie","PA","sep_25","City"
"Escondido,CA,City","Escondido,CA","Escondido","CA","sep_25","City"
"Euclid,OH,City","Euclid,OH","Euclid","OH","sep_25","City"
"Euless,TX,City","Euless,TX","Euless","TX","sep_25","City"
"Evanston,IL,City","Evanston,IL","Evanston","IL","sep_25","City"
"Fairfield,CA,City","Fairfield,CA","Fairfield","CA","sep_25","City"
"Fairfield,CT,City","Fairfield,CT","Fairfield","CT","sep_25","City"
"Fall River,MA,City","Fall River,MA","Fall River","MA","sep_25","City"
"Fargo,ND,City","Fargo,ND","Fargo","ND","sep_25","City"
"Farmington Hills,MI,City","Farmington Hills,MI","Farmington Hills","MI","sep_25","City"
"Fayetteville,AR,City","Fayetteville,AR","Fayetteville","AR","sep_25","City"
"Fayetteville,NC,City","Fayetteville,NC","Fayetteville","NC","sep_25","City"
"Fishers,IN,City","Fishers,IN","Fishers","IN","sep_25","City"
"Flower Mound,TX,City","Flower Mound,TX","Flower Mound","TX","sep_25","City"
"Folsom,CA,City","Folsom,CA","Folsom","CA","sep_25","City"
"Fontana,CA,City","Fontana,CA","Fontana","CA","sep_25","City"
"Forsyth,NC,County","Forsyth,NC","Forsyth","NC","sep_25","County"
"Fort Bend,TX,County","Fort Bend,TX","Fort Bend","TX","sep_25","County"
"Fort Worth,TX,City","Fort Worth,TX","Fort Worth","TX","sep_25","City"
"Fountain Valley,CA,City","Fountain Valley,CA","Fountain Valley","CA","sep_25","City"
"Franklin,TN,City","Franklin,TN","Franklin","TN","sep_25","City"
"Fresno,CA,City","Fresno,CA","Fresno","CA","sep_25","City"
"Frisco,TX,City","Frisco,TX","Frisco","TX","sep_25","City"
"Fullerton,CA,City","Fullerton,CA","Fullerton","CA","sep_25","City"
"Galveston,TX,City","Galveston,TX","Galveston","TX","sep_25","City"
"Gardena,CA,City","Gardena,CA","Gardena","CA","sep_25","City"
"Garland,TX,City","Garland,TX","Garland","TX","sep_25","City"
"Gastonia,NC,City","Gastonia,NC","Gastonia","NC","sep_25","City"
"Georgetown,TX,City","Georgetown,TX","Georgetown","TX","sep_25","City"
"Gilbert,AZ,City","Gilbert,AZ","Gilbert","AZ","sep_25","City"
"Gilroy,CA,City","Gilroy,CA","Gilroy","CA","sep_25","City"
"Glendale,CA,City","Glendale,CA","Glendale","CA","sep_25","City"
"Goodyear,AZ,City","Goodyear,AZ","Goodyear","AZ","sep_25","City"
"Grand Forks,ND,City","Grand Forks,ND","Grand Forks","ND","sep_25","City"
"Grand Island,NE,City","Grand Island,NE","Grand Island","NE","sep_25","City"
"Grand Junction,CO,City","Grand Junction,CO","Grand Junction","CO","sep_25","City"
"Grand Prairie,TX,City","Grand Prairie,TX","Grand Prairie","TX","sep_25","City"
"Grand Rapids,MI,City","Grand Rapids,MI","Grand Rapids","MI","sep_25","City"
"Grapevine,TX,City","Grapevine,TX","Grapevine","TX","sep_25","City"
"Great Falls,MT,City","Great Falls,MT","Great Falls","MT","sep_25","City"
"Green Bay,WI,City","Green Bay,WI","Green Bay","WI","sep_25","City"
"Green Township,OH,City","Green Township,OH","Green Township","OH","sep_25","City"
"Greensboro,NC,City","Greensboro,NC","Greensboro","NC","sep_25","City"
"Greenville,NC,City","Greenville,NC","Greenville","NC","sep_25","City"
"Greenville,SC,City","Greenville,SC","Greenville","SC","sep_25","City"
"Greenville,SC,County","Greenville,SC","Greenville","SC","sep_25","County"
"Greenwich,CT,City","Greenwich,CT","Greenwich","CT","sep_25","City"
"Greenwood,IN,City","Greenwood,IN","Greenwood","IN","sep_25","City"
"Gresham,OR,City","Gresham,OR","Gresham","OR","sep_25","City"
"Guilford,NC,County","Guilford,NC","Guilford","NC","sep_25","County"
"Hamilton Township,NJ,City","Hamilton Township,NJ","Hamilton Township","NJ","sep_25","City"
"Hamilton,OH,County","Hamilton,OH","Hamilton","OH","sep_25","County"
"Hamilton,TN,County","Hamilton,TN","Hamilton","TN","sep_25","County"
"Hampton,VA,City","Hampton,VA","Hampton","VA","sep_25","City"
"Hanover,VA,County","Hanover,VA","Hanover","VA","sep_25","County"
"Harlingen,TX,City","Harlingen,TX","Harlingen","TX","sep_25","City"
"Harris,TX,County","Harris,TX","Harris","TX","sep_25","County"
"Harrisburg,PA,City","Harrisburg,PA","Harrisburg","PA","sep_25","City"
"Harrisonburg,VA,City","Harrisonburg,VA","Harrisonburg","VA","sep_25","City"
"Hartford,CT,City","Hartford,CT","Hartford","CT","sep_25","City"
"Haverhill,MA,City","Haverhill,MA","Haverhill","MA","sep_25","City"
"Hays,TX,County","Hays,TX","Hays","TX","sep_25","County"
"Hayward,CA,City","Hayward,CA","Hayward","CA","sep_25","City"
"Henderson,NV,City","Henderson,NV","Henderson","NV","sep_25","City"
"Hendersonville,TN,City","Hendersonville,TN","Hendersonville","TN","sep_25","City"
"Henrico,VA,County","Henrico,VA","Henrico","VA","sep_25","County"
"Hidalgo,TX,County","Hidalgo,TX","Hidalgo","TX","sep_25","County"
"High Point,NC,City","High Point,NC","High Point","NC","sep_25","City"
"Hillsboro,OR,City","Hillsboro,OR","Hillsboro","OR","sep_25","City"
"Hoboken,NJ,City","Hoboken,NJ","Hoboken","NJ","sep_25","City"
"Honolulu,HI,City","Honolulu,HI","Honolulu","HI","sep_25","City"
"Houston,TX,City","Houston,TX","Houston","TX","sep_25","City"
"Huntersville,NC,City","Huntersville,NC","Huntersville","NC","sep_25","City"
"Idaho Falls,ID,City","Idaho Falls,ID","Idaho Falls","ID","sep_25","City"
"Independence,MO,City","Independence,MO","Independence","MO","sep_25","City"
"Indianapolis,IN,City","Indianapolis,IN","Indianapolis","IN","sep_25","City"
"Iowa City,IA,City","Iowa City,IA","Iowa City","IA","sep_25","City"
"Iredell,NC,County","Iredell,NC","Iredell","NC","sep_25","County"
"Irvine,CA,City","Irvine,CA","Irvine","CA","sep_25","City"
"Irving,TX,City","Irving,TX","Irving","TX","sep_25","City"
"Jackson,TN,City","Jackson,TN","Jackson","TN","sep_25","City"
"Jacksonville,FL,City","Jacksonville,FL","Jacksonville","FL","sep_25","City"
"Janesville,WI,City","Janesville,WI","Janesville","WI","sep_25","City"
"Jefferson,CO,County","Jefferson,CO","Jefferson","CO","sep_25","County"
"Jefferson,LA,County","Jefferson,LA","Jefferson","LA","sep_25","County"
"Jefferson,MO,County","Jefferson,MO","Jefferson","MO","sep_25","County"
"Jersey City,NJ,City","Jersey City,NJ","Jersey City","NJ","sep_25","City"
"Johnson City,TN,City","Johnson City,TN","Johnson City","TN","sep_25","City"
"Johnston,NC,County","Johnston,NC","Johnston","NC","sep_25","County"
"Joplin,MO,City","Joplin,MO","Joplin","MO","sep_25","City"
"Kalamazoo,MI,County","Kalamazoo,MI","Kalamazoo","MI","sep_25","County"
"Kannapolis,NC,City","Kannapolis,NC","Kannapolis","NC","sep_25","City"
"Kansas City,MO,City","Kansas City,MO","Kansas City","MO","sep_25","City"
"Kaufman,TX,County","Kaufman,TX","Kaufman","TX","sep_25","County"
"Kenosha,WI,City","Kenosha,WI","Kenosha","WI","sep_25","City"
"Kent,MI,County","Kent,MI","Kent","MI","sep_25","County"
"Killeen,TX,City","Killeen,TX","Killeen","TX","sep_25","City"
"Kingsport,TN,City","Kingsport,TN","Kingsport","TN","sep_25","City"
"Knox,TN,County","Knox,TN","Knox","TN","sep_25","County"
"Knoxville,TN,City","Knoxville,TN","Knoxville","TN","sep_25","City"
"Kyle,TX,City","Kyle,TX","Kyle","TX","sep_25","City"
"La Crosse,WI,City","La Crosse,WI","La Crosse","WI","sep_25","City"
"La Mesa,CA,City","La Mesa,CA","La Mesa","CA","sep_25","City"
"Laguna Niguel,CA,City","Laguna Niguel,CA","Laguna Niguel","CA","sep_25","City"
"Lake Charles,LA,City","Lake Charles,LA","Lake Charles","LA","sep_25","City"
"Lake Havasu City,AZ,City","Lake Havasu City,AZ","Lake Havasu City","AZ","sep_25","City"
"Lakeville,MN,City","Lakeville,MN","Lakeville","MN","sep_25","City"
"Lancaster,PA,City","Lancaster,PA","Lancaster","PA","sep_25","City"
"Lancaster,SC,County","Lancaster,SC","Lancaster","SC","sep_25","County"
"Laredo,TX,City","Laredo,TX","Laredo","TX","sep_25","City"
"Las Vegas,NV,City","Las Vegas,NV","Las Vegas","NV","sep_25","City"
"Lawrence,MA,City","Lawrence,MA","Lawrence","MA","sep_25","City"
"Layton,UT,City","Layton,UT","Layton","UT","sep_25","City"
"League City,TX,City","League City,TX","League City","TX","sep_25","City"
"Leander,TX,City","Leander,TX","Leander","TX","sep_25","City"
"Lee's Summit,MO,City","Lee's Summit,MO","Lee's Summit","MO","sep_25","City"
"Lenexa,KS,City","Lenexa,KS","Lenexa","KS","sep_25","City"
"Lewisville,TX,City","Lewisville,TX","Lewisville","TX","sep_25","City"
"Lexington,KY,City","Lexington,KY","Lexington","KY","sep_25","City"
"Lexington,SC,County","Lexington,SC","Lexington","SC","sep_25","County"
"Lincoln,NE,City","Lincoln,NE","Lincoln","NE","sep_25","City"
"Little Elm,TX,City","Little Elm,TX","Little Elm","TX","sep_25","City"
"Little Rock,AR,City","Little Rock,AR","Little Rock","AR","sep_25","City"
"Livermore,CA,City","Livermore,CA","Livermore","CA","sep_25","City"
"Livingston,LA,County","Livingston,LA","Livingston","LA","sep_25","County"
"Livonia,MI,City","Livonia,MI","Livonia","MI","sep_25","City"
"Logan,UT,City","Logan,UT","Logan","UT","sep_25","City"
"Long Beach,CA,City","Long Beach,CA","Long Beach","CA","sep_25","City"
"Longview,TX,City","Longview,TX","Longview","TX","sep_25","City"
"Lorain,OH,City","Lorain,OH","Lorain","OH","sep_25","City"
"Los Angeles,CA,City","Los Angeles,CA","Los Angeles","CA","sep_25","City"
"Los Angeles,CA,County","Los Angeles,CA","Los Angeles","CA","sep_25","County"
"Loudoun,VA,County","Loudoun,VA","Loudoun","VA","sep_25","County"
"Louisville,KY,City","Louisville,KY","Louisville","KY","sep_25","City"
"Loveland,CO,City","Loveland,CO","Loveland","CO","sep_25","City"
"Lower Merion,PA,City","Lower Merion,PA","Lower Merion","PA","sep_25","City"
"Lower Paxton,PA,City","Lower Paxton,PA","Lower Paxton","PA","sep_25","City"
"Lubbock,TX,City","Lubbock,TX","Lubbock","TX","sep_25","City"
"Lynn,MA,City","Lynn,MA","Lynn","MA","sep_25","City"
"Madera,CA,City","Madera,CA","Madera","CA","sep_25","City"
"Malden,MA,City","Malden,MA","Malden","MA","sep_25","City"
"Manchester,CT,City","Manchester,CT","Manchester","CT","sep_25","City"
"Manchester,NH,City","Manchester,NH","Manchester","NH","sep_25","City"
"Mansfield,TX,City","Mansfield,TX","Mansfield","TX","sep_25","City"
"Manteca,CA,City","Manteca,CA","Manteca","CA","sep_25","City"
"Maple Grove,MN,City","Maple Grove,MN","Maple Grove","MN","sep_25","City"
"Marana,AZ,City","Marana,AZ","Marana","AZ","sep_25","City"
"Maricopa,AZ,City","Maricopa,AZ","Maricopa","AZ","sep_25","City"
"McAllen,TX,City","McAllen,TX","McAllen","TX","sep_25","City"
"Mckinney,TX,City","Mckinney,TX","Mckinney","TX","sep_25","City"
"Medford,OR,City","Medford,OR","Medford","OR","sep_25","City"
"Memphis,TN,City","Memphis,TN","Memphis","TN","sep_25","City"
"Merced,CA,City","Merced,CA","Merced","CA","sep_25","City"
"Meridian,ID,City","Meridian,ID","Meridian","ID","sep_25","City"
"Mesquite,TX,City","Mesquite,TX","Mesquite","TX","sep_25","City"
"Miami Beach,FL,City","Miami Beach,FL","Miami Beach","FL","sep_25","City"
"Miami,FL,City","Miami,FL","Miami","FL","sep_25","City"
"Midwest City,OK,City","Midwest City,OK","Midwest City","OK","sep_25","City"
"Milford,CT,City","Milford,CT","Milford","CT","sep_25","City"
"Millcreek,PA,City","Millcreek,PA","Millcreek","PA","sep_25","City"
"Milpitas,CA,City","Milpitas,CA","Milpitas","CA","sep_25","City"
"Minneapolis,MN,City","Minneapolis,MN","Minneapolis","MN","sep_25","City"
"Minnetonka,MN,City","Minnetonka,MN","Minnetonka","MN","sep_25","City"
"Missoula,MT,City","Missoula,MT","Missoula","MT","sep_25","City"
"Missouri City,TX,City","Missouri City,TX","Missouri City","TX","sep_25","City"
"Mobile,AL,City","Mobile,AL","Mobile","AL","sep_25","City"
"Monterey,CA,County","Monterey,CA","Monterey","CA","sep_25","County"
"Montgomery,MD,County","Montgomery,MD","Montgomery","MD","sep_25","County"
"Montgomery,TX,County","Montgomery,TX","Montgomery","TX","sep_25","County"
"Moore,OK,City","Moore,OK","Moore","OK","sep_25","City"
"Mooresville,NC,City","Mooresville,NC","Mooresville","NC","sep_25","City"
"Mount Pleasant,SC,City","Mount Pleasant,SC","Mount Pleasant","SC","sep_25","City"
"Mount Vernon,NY,City","Mount Vernon,NY","Mount Vernon","NY","sep_25","City"
"Mountain View,CA,City","Mountain View,CA","Mountain View","CA","sep_25","City"
"Murfreesboro,TN,City","Murfreesboro,TN","Murfreesboro","TN","sep_25","City"
"Murrieta,CA,City","Murrieta,CA","Murrieta","CA","sep_25","City"
"Nashville,TN,City","Nashville,TN","Nashville","TN","sep_25","City"
"National City,CA,City","National City,CA","National City","CA","sep_25","City"
"New Bedford,MA,City","New Bedford,MA","New Bedford","MA","sep_25","City"
"New Braunfels,TX,City","New Braunfels,TX","New Braunfels","TX","sep_25","City"
"New Britain,CT,City","New Britain,CT","New Britain","CT","sep_25","City"
"New Hanover,NC,County","New Hanover,NC","New Hanover","NC","sep_25","County"
"New Orleans,LA,City","New Orleans,LA","New Orleans","LA","sep_25","City"
"New York City,NY,City","New York City,NY","New York City","NY","sep_25","City"
"Newark,NJ,City","Newark,NJ","Newark","NJ","sep_25","City"
"Newark,OH,City","Newark,OH","Newark","OH","sep_25","City"
"Norfolk,VA,City","Norfolk,VA","Norfolk","VA","sep_25","City"
"Norman,OK,City","Norman,OK","Norman","OK","sep_25","City"
"North Charleston,SC,City","North Charleston,SC","North Charleston","SC","sep_25","City"
"North Las Vegas,NV,City","North Las Vegas,NV","North Las Vegas","NV","sep_25","City"
"North Little Rock,AR,City","North Little Rock,AR","North Little Rock","AR","sep_25","City"
"North Richland Hills,TX,City","North Richland Hills,TX","North Richland Hills","TX","sep_25","City"
"Novi,MI,City","Novi,MI","Novi","MI","sep_25","City"
"O'Fallon,MO,City","O'Fallon,MO","O'Fallon","MO","sep_25","City"
"Oak Lawn,IL,City","Oak Lawn,IL","Oak Lawn","IL","sep_25","City"
"Oceanside,CA,City","Oceanside,CA","Oceanside","CA","sep_25","City"
"Odessa,TX,City","Odessa,TX","Odessa","TX","sep_25","City"
"Ogden,UT,City","Ogden,UT","Ogden","UT","sep_25","City"
"Oklahoma City,OK,City","Oklahoma City,OK","Oklahoma City","OK","sep_25","City"
"Omaha,NE,City","Omaha,NE","Omaha","NE","sep_25","City"
"Onslow,NC,County","Onslow,NC","Onslow","NC","sep_25","County"
"Orem,UT,City","Orem,UT","Orem","UT","sep_25","City"
"Oshkosh,WI,City","Oshkosh,WI","Oshkosh","WI","sep_25","City"
"Oxnard,CA,City","Oxnard,CA","Oxnard","CA","sep_25","City"
"Palatine,IL,City","Palatine,IL","Palatine","IL","sep_25","City"
"Palo Alto,CA,City","Palo Alto,CA","Palo Alto","CA","sep_25","City"
"Parker,CO,City","Parker,CO","Parker","CO","sep_25","City"
"Parker,TX,County","Parker,TX","Parker","TX","sep_25","County"
"Pasadena,CA,City","Pasadena,CA","Pasadena","CA","sep_25","City"
"Pasadena,TX,City","Pasadena,TX","Pasadena","TX","sep_25","City"
"Paterson,NJ,City","Paterson,NJ","Paterson","NJ","sep_25","City"
"Pawtucket,RI,City","Pawtucket,RI","Pawtucket","RI","sep_25","City"
"Pearland,TX,City","Pearland,TX","Pearland","TX","sep_25","City"
"Petaluma,CA,City","Petaluma,CA","Petaluma","CA","sep_25","City"
"Pflugerville,TX,City","Pflugerville,TX","Pflugerville","TX","sep_25","City"
"Pharr,TX,City","Pharr,TX","Pharr","TX","sep_25","City"
"Philadelphia,PA,City","Philadelphia,PA","Philadelphia","PA","sep_25","City"
"Pima,AZ,County","Pima,AZ","Pima","AZ","sep_25","County"
"Pittsburgh,PA,City","Pittsburgh,PA","Pittsburgh","PA","sep_25","City"
"Pittsfield,MA,City","Pittsfield,MA","Pittsfield","MA","sep_25","City"
"Placer,CA,County","Placer,CA","Placer","CA","sep_25","County"
"Plano,TX,City","Plano,TX","Plano","TX","sep_25","City"
"Pleasanton,CA,City","Pleasanton,CA","Pleasanton","CA","sep_25","City"
"Plymouth,MN,City","Plymouth,MN","Plymouth","MN","sep_25","City"
"Pomona,CA,City","Pomona,CA","Pomona","CA","sep_25","City"
"Pontiac,MI,City","Pontiac,MI","Pontiac","MI","sep_25","City"
"Porterville,CA,City","Porterville,CA","Porterville","CA","sep_25","City"
"Portland,OR,City","Portland,OR","Portland","OR","sep_25","City"
"Portsmouth,VA,City","Portsmouth,VA","Portsmouth","VA","sep_25","City"
"Prescott Valley,AZ,City","Prescott Valley,AZ","Prescott Valley","AZ","sep_25","City"
"Prince George's,MD,County","Prince George's,MD","Prince George's","MD","sep_25","County"
"Providence,RI,City","Providence,RI","Providence","RI","sep_25","City"
"Quincy,MA,City","Quincy,MA","Quincy","MA","sep_25","City"
"Racine,WI,City","Racine,WI","Racine","WI","sep_25","City"
"Raleigh,NC,City","Raleigh,NC","Raleigh","NC","sep_25","City"
"Reading,PA,City","Reading,PA","Reading","PA","sep_25","City"
"Redlands,CA,City","Redlands,CA","Redlands","CA","sep_25","City"
"Redmond,WA,City","Redmond,WA","Redmond","WA","sep_25","City"
"Redondo Beach,CA,City","Redondo Beach,CA","Redondo Beach","CA","sep_25","City"
"Redwood City,CA,City","Redwood City,CA","Redwood City","CA","sep_25","City"
"Revere,MA,City","Revere,MA","Revere","MA","sep_25","City"
"Richardson,TX,City","Richardson,TX","Richardson","TX","sep_25","City"
"Richland,WA,City","Richland,WA","Richland","WA","sep_25","City"
"Richmond,CA,City","Richmond,CA","Richmond","CA","sep_25","City"
"Richmond,VA,City","Richmond,VA","Richmond","VA","sep_25","City"
"Riverside,CA,City","Riverside,CA","Riverside","CA","sep_25","City"
"Roanoke,VA,City","Roanoke,VA","Roanoke","VA","sep_25","City"
"Rochester,MI,City","Rochester,MI","Rochester","MI","sep_25","City"
"Rochester,NY,City","Rochester,NY","Rochester","NY","sep_25","City"
"Rock Hill,SC,City","Rock Hill,SC","Rock Hill","SC","sep_25","City"
"Rockford,IL,City","Rockford,IL","Rockford","IL","sep_25","City"
"Rocklin,CA,City","Rocklin,CA","Rocklin","CA","sep_25","City"
"Rockwall,TX,City","Rockwall,TX","Rockwall","TX","sep_25","City"
"Round Rock,TX,City","Round Rock,TX","Round Rock","TX","sep_25","City"
"Rowlett,TX,City","Rowlett,TX","Rowlett","TX","sep_25","City"
"Royal Oak,MI,City","Royal Oak,MI","Royal Oak","MI","sep_25","City"
"Rutherford,TN,County","Rutherford,TN","Rutherford","TN","sep_25","County"
"Sacramento,CA,City","Sacramento,CA","Sacramento","CA","sep_25","City"
"Sacramento,CA,County","Sacramento,CA","Sacramento","CA","sep_25","County"
"Salt Lake City,UT,City","Salt Lake City,UT","Salt Lake City","UT","sep_25","City"
"San Angelo,TX,City","San Angelo,TX","San Angelo","TX","sep_25","City"
"San Antonio,TX,City","San Antonio,TX","San Antonio","TX","sep_25","City"
"San Diego,CA,City","San Diego,CA","San Diego","CA","sep_25","City"
"San Diego,CA,County","San Diego,CA","San Diego","CA","sep_25","County"
"San Francisco,CA,City","San Francisco,CA","San Francisco","CA","sep_25","City"
"San Jose,CA,City","San Jose,CA","San Jose","CA","sep_25","City"
"San Marcos,TX,City","San Marcos,TX","San Marcos","TX","sep_25","City"
"San Mateo,CA,County","San Mateo,CA","San Mateo","CA","sep_25","County"
"Santa Clara,CA,City","Santa Clara,CA","Santa Clara","CA","sep_25","City"
"Santa Cruz,CA,City","Santa Cruz,CA","Santa Cruz","CA","sep_25","City"
"Santa Cruz,CA,County","Santa Cruz,CA","Santa Cruz","CA","sep_25","County"
"Santa Fe,NM,City","Santa Fe,NM","Santa Fe","NM","sep_25","City"
"Sarasota,FL,County","Sarasota,FL","Sarasota","FL","sep_25","County"
"Saratoga Springs,UT,City","Saratoga Springs,UT","Saratoga Springs","UT","sep_25","City"
"Sarpy,NE,County","Sarpy,NE","Sarpy","NE","sep_25","County"
"Schaumburg,IL,City","Schaumburg,IL","Schaumburg","IL","sep_25","City"
"Scranton,PA,City","Scranton,PA","Scranton","PA","sep_25","City"
"Seattle,WA,City","Seattle,WA","Seattle","WA","sep_25","City"
"Shawnee,KS,City","Shawnee,KS","Shawnee","KS","sep_25","City"
"Shelby Township,MI,City","Shelby Township,MI","Shelby Township","MI","sep_25","City"
"Shelby,TN,County","Shelby,TN","Shelby","TN","sep_25","County"
"Simi Valley,CA,City","Simi Valley,CA","Simi Valley","CA","sep_25","City"
"Sioux City,IA,City","Sioux City,IA","Sioux City","IA","sep_25","City"
"Sioux Falls,SD,City","Sioux Falls,SD","Sioux Falls","SD","sep_25","City"
"Skokie,IL,City","Skokie,IL","Skokie","IL","sep_25","City"
"Smith,TX,County","Smith,TX","Smith","TX","sep_25","County"
"Smyrna,TN,City","Smyrna,TN","Smyrna","TN","sep_25","City"
"Somerville,MA,City","Somerville,MA","Somerville","MA","sep_25","City"
"Sonoma,CA,County","Sonoma,CA","Sonoma","CA","sep_25","County"
"South Bend,IN,City","South Bend,IN","South Bend","IN","sep_25","City"
"South Jordan,UT,City","South Jordan,UT","South Jordan","UT","sep_25","City"
"South San Francisco,CA,City","South San Francisco,CA","South San Francisco","CA","sep_25","City"
"Southaven,MS,City","Southaven,MS","Southaven","MS","sep_25","City"
"Southfield,MI,City","Southfield,MI","Southfield","MI","sep_25","City"
"Sparks,NV,City","Sparks,NV","Sparks","NV","sep_25","City"
"Spokane,WA,City","Spokane,WA","Spokane","WA","sep_25","City"
"Spotsylvania,VA,County","Spotsylvania,VA","Spotsylvania","VA","sep_25","County"
"Spring Hill,TN,City","Spring Hill,TN","Spring Hill","TN","sep_25","City"
"Springfield,IL,City","Springfield,IL","Springfield","IL","sep_25","City"
"Springfield,OH,City","Springfield,OH","Springfield","OH","sep_25","City"
"St Charles,MO,City","St Charles,MO","St Charles","MO","sep_25","City"
"St Charles,MO,County","St Charles,MO","St Charles","MO","sep_25","County"
"St Joseph,MO,City","St Joseph,MO","St Joseph","MO","sep_25","City"
"St Louis,MO,City","St Louis,MO","St Louis","MO","sep_25","City"
"St Louis,MO,County","St Louis,MO","St Louis","MO","sep_25","County"
"St Peters,MO,City","St Peters,MO","St Peters","MO","sep_25","City"
"St. Clair Shores,MI,City","St. Clair Shores,MI","St. Clair Shores","MI","sep_25","City"
"St. Cloud,MN,City","St. Cloud,MN","St. Cloud","MN","sep_25","City"
"St. George,UT,City","St. George,UT","St. George","UT","sep_25","City"
"St. Paul,MN,City","St. Paul,MN","St. Paul","MN","sep_25","City"
"Stamford,CT,City","Stamford,CT","Stamford","CT","sep_25","City"
"State College,PA,City","State College,PA","State College","PA","sep_25","City"
"Stockton,CA,City","Stockton,CA","Stockton","CA","sep_25","City"
"Stratford,CT,City","Stratford,CT","Stratford","CT","sep_25","City"
"Suffolk,VA,City","Suffolk,VA","Suffolk","VA","sep_25","City"
"Sugar Land,TX,City","Sugar Land,TX","Sugar Land","TX","sep_25","City"
"Sunnyvale,CA,City","Sunnyvale,CA","Sunnyvale","CA","sep_25","City"
"Tacoma,WA,City","Tacoma,WA","Tacoma","WA","sep_25","City"
"Taunton,MA,City","Taunton,MA","Taunton","MA","sep_25","City"
"Taylor,MI,City","Taylor,MI","Taylor","MI","sep_25","City"
"Tempe,AZ,City","Tempe,AZ","Tempe","AZ","sep_25","City"
"Texas City,TX,City","Texas City,TX","Texas City","TX","sep_25","City"
"Thornton,CO,City","Thornton,CO","Thornton","CO","sep_25","City"
"Thousand Oaks,CA,City","Thousand Oaks,CA","Thousand Oaks","CA","sep_25","City"
"Thurston,WA,County","Thurston,WA","Thurston","WA","sep_25","County"
"Tinley Park,IL,City","Tinley Park,IL","Tinley Park","IL","sep_25","City"
"Torrance,CA,City","Torrance,CA","Torrance","CA","sep_25","City"
"Tracy,CA,City","Tracy,CA","Tracy","CA","sep_25","City"
"Travis,TX,County","Travis,TX","Travis","TX","sep_25","County"
"Troy,MI,City","Troy,MI","Troy","MI","sep_25","City"
"Tucson,AZ,City","Tucson,AZ","Tucson","AZ","sep_25","City"
"Tulare,CA,City","Tulare,CA","Tulare","CA","sep_25","City"
"Tulare,CA,County","Tulare,CA","Tulare","CA","sep_25","County"
"Tulsa,OK,City","Tulsa,OK","Tulsa","OK","sep_25","City"
"Twin Falls,ID,City","Twin Falls,ID","Twin Falls","ID","sep_25","City"
"Tyler,TX,City","Tyler,TX","Tyler","TX","sep_25","City"
"Upper Darby,PA,City","Upper Darby,PA","Upper Darby","PA","sep_25","City"
"Vacaville,CA,City","Vacaville,CA","Vacaville","CA","sep_25","City"
"Vallejo,CA,City","Vallejo,CA","Vallejo","CA","sep_25","City"
"Ventura,CA,City","Ventura,CA","Ventura","CA","sep_25","City"
"Victoria,TX,City","Victoria,TX","Victoria","TX","sep_25","City"
"Virginia Beach,VA,City","Virginia Beach,VA","Virginia Beach","VA","sep_25","City"
"Waco,TX,City","Waco,TX","Waco","TX","sep_25","City"
"Wake,NC,County","Wake,NC","Wake","NC","sep_25","County"
"Walnut Creek,CA,City","Walnut Creek,CA","Walnut Creek","CA","sep_25","City"
"Waltham,MA,City","Waltham,MA","Waltham","MA","sep_25","City"
"Warren,MI,City","Warren,MI","Warren","MI","sep_25","City"
"Warren,OH,County","Warren,OH","Warren","OH","sep_25","County"
"Warwick,RI,City","Warwick,RI","Warwick","RI","sep_25","City"
"Washington,DC,City","Washington,DC","Washington","DC","sep_25","City"
"Washington,MD,County","Washington,MD","Washington","MD","sep_25","County"
"Washington,OR,County","Washington,OR","Washington","OR","sep_25","County"
"Washtenaw,MI,County","Washtenaw,MI","Washtenaw","MI","sep_25","County"
"Waterbury,CT,City","Waterbury,CT","Waterbury","CT","sep_25","City"
"Waterford Township,MI,City","Waterford Township,MI","Waterford Township","MI","sep_25","City"
"Waterloo,IA,City","Waterloo,IA","Waterloo","IA","sep_25","City"
"Wayne Township,NJ,City","Wayne Township,NJ","Wayne Township","NJ","sep_25","City"
"West Allis,WI,City","West Allis,WI","West Allis","WI","sep_25","City"
"West Bloomfield Township,MI,City","West Bloomfield Township,MI","West Bloomfield Township","MI","sep_25","City"
"West Chester Township,OH,City","West Chester Township,OH","West Chester Township","OH","sep_25","City"
"West Covina,CA,City","West Covina,CA","West Covina","CA","sep_25","City"
"West Des Moines,IA,City","West Des Moines,IA","West Des Moines","IA","sep_25","City"
"West Hartford,CT,City","West Hartford,CT","West Hartford","CT","sep_25","City"
"West Haven,CT,City","West Haven,CT","West Haven","CT","sep_25","City"
"West Jordan,UT,City","West Jordan,UT","West Jordan","UT","sep_25","City"
"West New York,NJ,City","West New York,NJ","West New York","NJ","sep_25","City"
"West Valley,UT,City","West Valley,UT","West Valley","UT","sep_25","City"
"Westfield,IN,City","Westfield,IN","Westfield","IN","sep_25","City"
"Westminster,CA,City","Westminster,CA","Westminster","CA","sep_25","City"
"Weymouth,MA,City","Weymouth,MA","Weymouth","MA","sep_25","City"
"Wichita Falls,TX,City","Wichita Falls,TX","Wichita Falls","TX","sep_25","City"
"Will,IL,County","Will,IL","Will","IL","sep_25","County"
"Wilmington,NC,City","Wilmington,NC","Wilmington","NC","sep_25","City"
"Woodbury,MN,City","Woodbury,MN","Woodbury","MN","sep_25","City"
"Wyoming,MI,City","Wyoming,MI","Wyoming","MI","sep_25","City"
"Yavapai,AZ,County","Yavapai,AZ","Yavapai","AZ","sep_25","County"
"Yorba Linda,CA,City","Yorba Linda,CA","Yorba Linda","CA","sep_25","City"
