"Agency Name","Murder","Rape","Robbery","Aggravated Assault","Burglary","Theft","Motor Vehicle Theft","Year","Month","State","city_state","Agency_Type","city_state_id"
"Adams",NA,NA,NA,NA,NA,NA,NA,2025,10,"CO","Adams,CO","County","Adams,CO,County"
"Albany",NA,NA,NA,NA,NA,NA,NA,2025,10,"OR","Albany,OR","City","Albany,OR,City"
"Amarillo",NA,NA,NA,NA,NA,NA,NA,2025,10,"TX","Amarillo,TX","City","Amarillo,TX,City"
"Anderson",NA,NA,NA,NA,NA,NA,NA,2025,10,"IN","Anderson,IN","City","Anderson,IN,City"
"Apex",NA,NA,NA,NA,NA,NA,NA,2025,10,"NC","Apex,NC","City","Apex,NC,City"
"Avondale",NA,NA,NA,NA,NA,NA,NA,2025,10,"AZ","Avondale,AZ","City","Avondale,AZ,City"
"Barnstable",NA,NA,NA,NA,NA,NA,NA,2025,10,"MA","Barnstable,MA","City","Barnstable,MA,City"
"Bartlett",NA,NA,NA,NA,NA,NA,NA,2025,10,"TN","Bartlett,TN","City","Bartlett,TN,City"
"Beaufort",NA,NA,NA,NA,NA,NA,NA,2025,10,"SC","Beaufort,SC","County","Beaufort,SC,County"
"Beaumont",NA,NA,NA,NA,NA,NA,NA,2025,10,"CA","Beaumont,CA","City","Beaumont,CA,City"
"Beaverton",NA,NA,NA,NA,NA,NA,NA,2025,10,"OR","Beaverton,OR","City","Beaverton,OR,City"
"Bensalem",NA,NA,NA,NA,NA,NA,NA,2025,10,"PA","Bensalem,PA","City","Bensalem,PA,City"
"Bexar",NA,NA,NA,NA,NA,NA,NA,2025,10,"TX","Bexar,TX","County","Bexar,TX,County"
"Bloomington",NA,NA,NA,NA,NA,NA,NA,2025,10,"IN","Bloomington,IN","City","Bloomington,IN,City"
"Boise",NA,NA,NA,NA,NA,NA,NA,2025,10,"ID","Boise,ID","City","Boise,ID,City"
"Boulder",NA,NA,NA,NA,NA,NA,NA,2025,10,"CO","Boulder,CO","City","Boulder,CO,City"
"Brookhaven",NA,NA,NA,NA,NA,NA,NA,2025,10,"GA","Brookhaven,GA","City","Brookhaven,GA,City"
"Brookline",NA,NA,NA,NA,NA,NA,NA,2025,10,"MA","Brookline,MA","City","Brookline,MA,City"
"Caldwell",NA,NA,NA,NA,NA,NA,NA,2025,10,"ID","Caldwell,ID","City","Caldwell,ID,City"
"Canton",NA,NA,NA,NA,NA,NA,NA,2025,10,"OH","Canton,OH","City","Canton,OH,City"
"Chandler",NA,NA,NA,NA,NA,NA,NA,2025,10,"AZ","Chandler,AZ","City","Chandler,AZ,City"
"Chesterfield",NA,NA,NA,NA,NA,NA,NA,2025,10,"VA","Chesterfield,VA","County","Chesterfield,VA,County"
"Clarksville",NA,NA,NA,NA,NA,NA,NA,2025,10,"TN","Clarksville,TN","City","Clarksville,TN,City"
"Collierville",NA,NA,NA,NA,NA,NA,NA,2025,10,"TN","Collierville,TN","City","Collierville,TN,City"
"Corvallis",NA,NA,NA,NA,NA,NA,NA,2025,10,"OR","Corvallis,OR","City","Corvallis,OR,City"
"Douglas",NA,NA,NA,NA,NA,NA,NA,2025,10,"CO","Douglas,CO","County","Douglas,CO,County"
"Evanston",NA,NA,NA,NA,NA,NA,NA,2025,10,"IL","Evanston,IL","City","Evanston,IL,City"
"Fairfax",NA,NA,NA,NA,NA,NA,NA,2025,10,"VA","Fairfax,VA","County","Fairfax,VA,County"
"Fayetteville",NA,NA,NA,NA,NA,NA,NA,2025,10,"NC","Fayetteville,NC","City","Fayetteville,NC,City"
"Flagstaff",NA,NA,NA,NA,NA,NA,NA,2025,10,"AZ","Flagstaff,AZ","City","Flagstaff,AZ,City"
"Florissant",NA,NA,NA,NA,NA,NA,NA,2025,10,"MO","Florissant,MO","City","Florissant,MO,City"
"Fort Collins",NA,NA,NA,NA,NA,NA,NA,2025,10,"CO","Fort Collins,CO","City","Fort Collins,CO,City"
"Fort Smith",NA,NA,NA,NA,NA,NA,NA,2025,10,"AR","Fort Smith,AR","City","Fort Smith,AR,City"
"Framingham",NA,NA,NA,NA,NA,NA,NA,2025,10,"MA","Framingham,MA","City","Framingham,MA,City"
"Glendale",NA,NA,NA,NA,NA,NA,NA,2025,10,"AZ","Glendale,AZ","City","Glendale,AZ,City"
"Greeley",NA,NA,NA,NA,NA,NA,NA,2025,10,"CO","Greeley,CO","City","Greeley,CO,City"
"Greensboro",NA,NA,NA,NA,NA,NA,NA,2025,10,"NC","Greensboro,NC","City","Greensboro,NC,City"
"Greenville",NA,NA,NA,NA,NA,NA,NA,2025,10,"SC","Greenville,SC","City","Greenville,SC,City"
"Greenwich",NA,NA,NA,NA,NA,NA,NA,2025,10,"CT","Greenwich,CT","City","Greenwich,CT,City"
"Hamden",NA,NA,NA,NA,NA,NA,NA,2025,10,"CT","Hamden,CT","City","Hamden,CT,City"
"Hamilton",NA,NA,NA,NA,NA,NA,NA,2025,10,"OH","Hamilton,OH","City","Hamilton,OH,City"
"Hammond",NA,NA,NA,NA,NA,NA,NA,2025,10,"IN","Hammond,IN","City","Hammond,IN,City"
"Haverford",NA,NA,NA,NA,NA,NA,NA,2025,10,"PA","Haverford,PA","City","Haverford,PA,City"
"Hempstead Village",NA,NA,NA,NA,NA,NA,NA,2025,10,"NY","Hempstead Village,NY","City","Hempstead Village,NY,City"
"Henrico",NA,NA,NA,NA,NA,NA,NA,2025,10,"VA","Henrico,VA","County","Henrico,VA,County"
"Henry",NA,NA,NA,NA,NA,NA,NA,2025,10,"GA","Henry,GA","County","Henry,GA,County"
"Horry",NA,NA,NA,NA,NA,NA,NA,2025,10,"SC","Horry,SC","County","Horry,SC,County"
"Idaho Falls",NA,NA,NA,NA,NA,NA,NA,2025,10,"ID","Idaho Falls,ID","City","Idaho Falls,ID,City"
"Jeffersonville",NA,NA,NA,NA,NA,NA,NA,2025,10,"IN","Jeffersonville,IN","City","Jeffersonville,IN,City"
"Jonesboro",NA,NA,NA,NA,NA,NA,NA,2025,10,"AR","Jonesboro,AR","City","Jonesboro,AR,City"
"Kalamazoo",NA,NA,NA,NA,NA,NA,NA,2025,10,"MI","Kalamazoo,MI","City","Kalamazoo,MI,City"
"Kentwood",NA,NA,NA,NA,NA,NA,NA,2025,10,"MI","Kentwood,MI","City","Kentwood,MI,City"
"Kokomo",NA,NA,NA,NA,NA,NA,NA,2025,10,"IN","Kokomo,IN","City","Kokomo,IN,City"
"Laguna Niguel",NA,NA,NA,NA,NA,NA,NA,2025,10,"CA","Laguna Niguel,CA","City","Laguna Niguel,CA,City"
"Lakewood",NA,NA,NA,NA,NA,NA,NA,2025,10,"CO","Lakewood,CO","City","Lakewood,CO,City"
"Lakewood",NA,NA,NA,NA,NA,NA,NA,2025,10,"OH","Lakewood,OH","City","Lakewood,OH,City"
"Lansing",NA,NA,NA,NA,NA,NA,NA,2025,10,"MI","Lansing,MI","City","Lansing,MI,City"
"Longmont",NA,NA,NA,NA,NA,NA,NA,2025,10,"CO","Longmont,CO","City","Longmont,CO,City"
"Lowell",NA,NA,NA,NA,NA,NA,NA,2025,10,"MA","Lowell,MA","City","Lowell,MA,City"
"Manchester",NA,NA,NA,NA,NA,NA,NA,2025,10,"CT","Manchester,CT","City","Manchester,CT,City"
"Marana",NA,NA,NA,NA,NA,NA,NA,2025,10,"AZ","Marana,AZ","City","Marana,AZ,City"
"Maricopa",NA,1,NA,10,9,51,1,2025,10,"AZ","Maricopa,AZ","City","Maricopa,AZ,City"
"Marietta",NA,NA,NA,NA,NA,NA,NA,2025,10,"GA","Marietta,GA","City","Marietta,GA,City"
"Medford",NA,NA,NA,NA,NA,NA,NA,2025,10,"OR","Medford,OR","City","Medford,OR,City"
"Memphis",NA,NA,NA,NA,NA,NA,NA,2025,10,"TN","Memphis,TN","City","Memphis,TN,City"
"Meriden",NA,NA,NA,NA,NA,NA,NA,2025,10,"CT","Meriden,CT","City","Meriden,CT,City"
"Middletown",NA,NA,NA,NA,NA,NA,NA,2025,10,"OH","Middletown,OH","City","Middletown,OH,City"
"Milford",NA,NA,NA,NA,NA,NA,NA,2025,10,"CT","Milford,CT","City","Milford,CT,City"
"Mission Viejo",NA,NA,NA,NA,NA,NA,NA,2025,10,"CA","Mission Viejo,CA","City","Mission Viejo,CA,City"
"Missoula",NA,NA,NA,NA,NA,NA,NA,2025,10,"MT","Missoula,MT","City","Missoula,MT,City"
"Missouri City",NA,NA,NA,NA,NA,NA,NA,2025,10,"TX","Missouri City,TX","City","Missouri City,TX,City"
"Mobile",NA,NA,NA,NA,NA,NA,NA,2025,10,"AL","Mobile,AL","City","Mobile,AL,City"
"Montgomery",NA,NA,NA,NA,NA,NA,NA,2025,10,"TX","Montgomery,TX","County","Montgomery,TX,County"
"Nampa",NA,NA,NA,NA,NA,NA,NA,2025,10,"ID","Nampa,ID","City","Nampa,ID,City"
"New Haven",NA,NA,NA,NA,NA,NA,NA,2025,10,"CT","New Haven,CT","City","New Haven,CT,City"
"New Rochelle",NA,NA,NA,NA,NA,NA,NA,2025,10,"NY","New Rochelle,NY","City","New Rochelle,NY,City"
"Newton",NA,NA,NA,NA,NA,NA,NA,2025,10,"MA","Newton,MA","City","Newton,MA,City"
"Norfolk",NA,NA,NA,NA,NA,NA,NA,2025,10,"VA","Norfolk,VA","City","Norfolk,VA,City"
"Normal",NA,NA,NA,NA,NA,NA,NA,2025,10,"IL","Normal,IL","City","Normal,IL,City"
"Novato",NA,NA,NA,NA,NA,NA,NA,2025,10,"CA","Novato,CA","City","Novato,CA,City"
"O'Fallon",NA,2,NA,4,2,29,3,2025,10,"MO","O'Fallon,MO","City","O'Fallon,MO,City"
"Onslow",NA,NA,NA,NA,NA,NA,NA,2025,10,"NC","Onslow,NC","County","Onslow,NC,County"
"Ottawa",NA,NA,NA,NA,NA,NA,NA,2025,10,"MI","Ottawa,MI","County","Ottawa,MI,County"
"Parma",NA,NA,NA,NA,NA,NA,NA,2025,10,"OH","Parma,OH","City","Parma,OH,City"
"Peabody",NA,NA,NA,NA,NA,NA,NA,2025,10,"MA","Peabody,MA","City","Peabody,MA,City"
"Peoria",NA,NA,NA,NA,NA,NA,NA,2025,10,"AZ","Peoria,AZ","City","Peoria,AZ,City"
"Plymouth",NA,NA,NA,NA,NA,NA,NA,2025,10,"MA","Plymouth,MA","City","Plymouth,MA,City"
"Port Arthur",NA,NA,NA,NA,NA,NA,NA,2025,10,"TX","Port Arthur,TX","City","Port Arthur,TX,City"
"Prince William",NA,NA,NA,NA,NA,NA,NA,2025,10,"VA","Prince William,VA","County","Prince William,VA,County"
"Provo",NA,NA,NA,NA,NA,NA,NA,2025,10,"UT","Provo,UT","City","Provo,UT,City"
"Pueblo",NA,NA,NA,NA,NA,NA,NA,2025,10,"CO","Pueblo,CO","City","Pueblo,CO,City"
"Roanoke",NA,NA,NA,NA,NA,NA,NA,2025,10,"VA","Roanoke,VA","City","Roanoke,VA,City"
"Rochester",NA,NA,NA,NA,NA,NA,NA,2025,10,"MN","Rochester,MN","City","Rochester,MN,City"
"Rocky Mount",NA,NA,NA,NA,NA,NA,NA,2025,10,"NC","Rocky Mount,NC","City","Rocky Mount,NC,City"
"Salem",NA,NA,NA,NA,NA,NA,NA,2025,10,"OR","Salem,OR","City","Salem,OR,City"
"Sandy",NA,NA,NA,NA,NA,NA,NA,2025,10,"UT","Sandy,UT","City","Sandy,UT,City"
"Santa Rosa",NA,NA,NA,NA,NA,NA,NA,2025,10,"CA","Santa Rosa,CA","City","Santa Rosa,CA,City"
"Saratoga Springs",NA,NA,NA,NA,NA,NA,NA,2025,10,"UT","Saratoga Springs,UT","City","Saratoga Springs,UT,City"
"Saratoga",NA,NA,NA,NA,NA,NA,NA,2025,10,"NY","Saratoga,NY","County","Saratoga,NY,County"
"Scottsdale",NA,NA,NA,NA,NA,NA,NA,2025,10,"AZ","Scottsdale,AZ","City","Scottsdale,AZ,City"
"Shelby",NA,NA,NA,NA,NA,NA,NA,2025,10,"TN","Shelby,TN","County","Shelby,TN,County"
"Springfield",NA,NA,NA,NA,NA,NA,NA,2025,10,"MA","Springfield,MA","City","Springfield,MA,City"
"Springfield",NA,NA,NA,NA,NA,NA,NA,2025,10,"MO","Springfield,MO","City","Springfield,MO,City"
"St. George",NA,NA,NA,NA,NA,NA,NA,2025,10,"UT","St. George,UT","City","St. George,UT,City"
"St. Mary's",NA,NA,NA,NA,NA,NA,NA,2025,10,"MD","St. Mary's,MD","County","St. Mary's,MD,County"
"Stamford",NA,1,2,14,5,95,10,2025,10,"CT","Stamford,CT","City","Stamford,CT,City"
"Surprise",NA,NA,NA,NA,NA,NA,NA,2025,10,"AZ","Surprise,AZ","City","Surprise,AZ,City"
"Temple",NA,NA,NA,NA,NA,NA,NA,2025,10,"TX","Temple,TX","City","Temple,TX,City"
"Terre Haute",NA,NA,NA,NA,NA,NA,NA,2025,10,"IN","Terre Haute,IN","City","Terre Haute,IN,City"
"Toledo",NA,NA,NA,NA,NA,NA,NA,2025,10,"OH","Toledo,OH","City","Toledo,OH,City"
"Tulare",NA,NA,NA,NA,NA,NA,NA,2025,10,"CA","Tulare,CA","City","Tulare,CA,City"
"Tustin",NA,NA,NA,NA,NA,NA,NA,2025,10,"CA","Tustin,CA","City","Tustin,CA,City"
"Union",NA,NA,NA,NA,NA,NA,NA,2025,10,"NC","Union,NC","County","Union,NC,County"
"Vacaville",NA,NA,NA,NA,NA,NA,NA,2025,10,"CA","Vacaville,CA","City","Vacaville,CA,City"
"Virginia Beach",NA,NA,NA,NA,NA,NA,NA,2025,10,"VA","Virginia Beach,VA","City","Virginia Beach,VA,City"
"Wake Forest",NA,NA,NA,NA,NA,NA,NA,2025,10,"NC","Wake Forest,NC","City","Wake Forest,NC,City"
"Warner Robins",NA,NA,NA,NA,NA,NA,NA,2025,10,"GA","Warner Robins,GA","City","Warner Robins,GA,City"
"Washoe",NA,5,2,15,19,47,5,2025,10,"NV","Washoe,NV","County","Washoe,NV,County"
"Winston-Salem",NA,NA,NA,NA,NA,NA,NA,2025,10,"NC","Winston-Salem,NC","City","Winston-Salem,NC,City"
"Worcester",NA,NA,NA,NA,NA,NA,NA,2025,10,"MA","Worcester,MA","City","Worcester,MA,City"
"Wylie",NA,NA,NA,NA,NA,NA,NA,2025,10,"TX","Wylie,TX","City","Wylie,TX,City"
"Yakima",NA,NA,NA,NA,NA,NA,NA,2025,10,"WA","Yakima,WA","City","Yakima,WA,City"
"Youngstown",NA,NA,NA,NA,NA,NA,NA,2025,10,"OH","Youngstown,OH","City","Youngstown,OH,City"
