"Agency Name","Murder","Rape","Robbery","Aggravated Assault","Burglary","Theft","Motor Vehicle Theft","Year","Month","State","city_state","Agency_Type","city_state_id"
"Casa Grande",NA,NA,NA,NA,NA,NA,NA,2025,8,"AZ","Casa Grande,AZ","City","Casa Grande,AZ,City"
"Flagstaff",NA,NA,NA,NA,NA,NA,NA,2025,2,"AZ","Flagstaff,AZ","City","Flagstaff,AZ,City"
"Flagstaff",NA,NA,NA,NA,NA,NA,NA,2025,3,"AZ","Flagstaff,AZ","City","Flagstaff,AZ,City"
"Flagstaff",NA,NA,NA,NA,NA,NA,NA,2025,4,"AZ","Flagstaff,AZ","City","Flagstaff,AZ,City"
"Flagstaff",NA,NA,NA,NA,NA,NA,NA,2025,5,"AZ","Flagstaff,AZ","City","Flagstaff,AZ,City"
"Flagstaff",NA,NA,NA,NA,NA,NA,NA,2025,6,"AZ","Flagstaff,AZ","City","Flagstaff,AZ,City"
"Flagstaff",NA,NA,NA,NA,NA,NA,NA,2025,7,"AZ","Flagstaff,AZ","City","Flagstaff,AZ,City"
"Flagstaff",NA,NA,NA,NA,NA,NA,NA,2025,8,"AZ","Flagstaff,AZ","City","Flagstaff,AZ,City"
"Glendale",NA,NA,NA,NA,NA,NA,NA,2025,8,"AZ","Glendale,AZ","City","Glendale,AZ,City"
"Peoria",NA,NA,NA,NA,NA,NA,NA,2025,8,"AZ","Peoria,AZ","City","Peoria,AZ,City"
"Baton Rouge",NA,NA,NA,NA,NA,NA,NA,2025,5,"LA","Baton Rouge,LA","City","Baton Rouge,LA,City"
"Baton Rouge",NA,NA,NA,NA,NA,NA,NA,2025,6,"LA","Baton Rouge,LA","City","Baton Rouge,LA,City"
"Albany",NA,NA,NA,NA,NA,NA,NA,2025,8,"NY","Albany,NY","City","Albany,NY,City"
"Alexandria",NA,NA,NA,NA,NA,NA,NA,2025,7,"VA","Alexandria,VA","City","Alexandria,VA,City"
"Alexandria",NA,NA,NA,NA,NA,NA,NA,2025,8,"VA","Alexandria,VA","City","Alexandria,VA,City"
"Anderson",NA,NA,NA,NA,NA,NA,NA,2025,8,"IN","Anderson,IN","City","Anderson,IN,City"
"Berkeley",NA,NA,NA,NA,NA,NA,NA,2025,8,"CA","Berkeley,CA","City","Berkeley,CA,City"
"Bloomington",NA,NA,NA,NA,NA,NA,NA,2025,3,"IN","Bloomington,IN","City","Bloomington,IN,City"
"Bloomington",NA,NA,NA,NA,NA,NA,NA,2025,4,"IN","Bloomington,IN","City","Bloomington,IN,City"
"Bloomington",NA,NA,NA,NA,NA,NA,NA,2025,5,"IN","Bloomington,IN","City","Bloomington,IN,City"
"Bloomington",NA,NA,NA,NA,NA,NA,NA,2025,6,"IN","Bloomington,IN","City","Bloomington,IN,City"
"Bloomington",NA,NA,NA,NA,NA,NA,NA,2025,7,"IN","Bloomington,IN","City","Bloomington,IN,City"
"Bloomington",NA,NA,NA,NA,NA,NA,NA,2025,8,"IN","Bloomington,IN","City","Bloomington,IN,City"
"Bossier City",NA,NA,NA,NA,NA,NA,NA,2025,8,"LA","Bossier City,LA","City","Bossier City,LA,City"
"Bowling Green",NA,NA,NA,NA,NA,NA,NA,2025,8,"KY","Bowling Green,KY","City","Bowling Green,KY,City"
"Clinton Township",NA,NA,NA,NA,NA,NA,NA,2025,8,"MI","Clinton Township,MI","City","Clinton Township,MI,City"
"Colonie Town",NA,NA,NA,NA,NA,NA,NA,2025,7,"NY","Colonie Town,NY","City","Colonie Town,NY,City"
"Colonie Town",NA,NA,NA,NA,NA,NA,NA,2025,8,"NY","Colonie Town,NY","City","Colonie Town,NY,City"
"Daly City",NA,NA,NA,NA,NA,NA,NA,2025,8,"CA","Daly City,CA","City","Daly City,CA,City"
"Elkhart",NA,NA,NA,NA,NA,NA,NA,2025,1,"IN","Elkhart,IN","City","Elkhart,IN,City"
"Elkhart",NA,NA,NA,NA,NA,NA,NA,2025,2,"IN","Elkhart,IN","City","Elkhart,IN,City"
"Elkhart",NA,NA,NA,NA,NA,NA,NA,2025,3,"IN","Elkhart,IN","City","Elkhart,IN,City"
"Elkhart",NA,NA,NA,NA,NA,NA,NA,2025,4,"IN","Elkhart,IN","City","Elkhart,IN,City"
"Elkhart",NA,NA,NA,NA,NA,NA,NA,2025,5,"IN","Elkhart,IN","City","Elkhart,IN,City"
"Elkhart",NA,NA,NA,NA,NA,NA,NA,2025,6,"IN","Elkhart,IN","City","Elkhart,IN,City"
"Elkhart",NA,NA,NA,NA,NA,NA,NA,2025,7,"IN","Elkhart,IN","City","Elkhart,IN,City"
"Elkhart",NA,NA,NA,NA,NA,NA,NA,2025,8,"IN","Elkhart,IN","City","Elkhart,IN,City"
"Evansville",NA,NA,NA,NA,NA,NA,NA,2025,7,"IN","Evansville,IN","City","Evansville,IN,City"
"Evansville",NA,NA,NA,NA,NA,NA,NA,2025,8,"IN","Evansville,IN","City","Evansville,IN,City"
"Hammond",NA,NA,NA,NA,NA,NA,NA,2025,3,"IN","Hammond,IN","City","Hammond,IN,City"
"Hammond",NA,NA,NA,NA,NA,NA,NA,2025,4,"IN","Hammond,IN","City","Hammond,IN,City"
"Hammond",NA,NA,NA,NA,NA,NA,NA,2025,5,"IN","Hammond,IN","City","Hammond,IN,City"
"Hammond",NA,NA,NA,NA,NA,NA,NA,2025,6,"IN","Hammond,IN","City","Hammond,IN,City"
"Hammond",NA,NA,NA,NA,NA,NA,NA,2025,7,"IN","Hammond,IN","City","Hammond,IN,City"
"Hammond",NA,NA,NA,NA,NA,NA,NA,2025,8,"IN","Hammond,IN","City","Hammond,IN,City"
"Hempstead Village",NA,NA,NA,NA,NA,NA,NA,2025,8,"NY","Hempstead Village,NY","City","Hempstead Village,NY,City"
"Jeffersonville",NA,NA,NA,NA,NA,NA,NA,2025,4,"IN","Jeffersonville,IN","City","Jeffersonville,IN,City"
"Jeffersonville",NA,NA,NA,NA,NA,NA,NA,2025,5,"IN","Jeffersonville,IN","City","Jeffersonville,IN,City"
"Jeffersonville",NA,NA,NA,NA,NA,NA,NA,2025,6,"IN","Jeffersonville,IN","City","Jeffersonville,IN,City"
"Jeffersonville",NA,NA,NA,NA,NA,NA,NA,2025,7,"IN","Jeffersonville,IN","City","Jeffersonville,IN,City"
"Jeffersonville",NA,NA,NA,NA,NA,NA,NA,2025,8,"IN","Jeffersonville,IN","City","Jeffersonville,IN,City"
"Jonesboro",NA,NA,NA,NA,NA,NA,NA,2025,8,"AR","Jonesboro,AR","City","Jonesboro,AR,City"
"Kalamazoo",NA,NA,NA,NA,NA,NA,NA,2025,4,"MI","Kalamazoo,MI","City","Kalamazoo,MI,City"
"Kalamazoo",NA,NA,NA,NA,NA,NA,NA,2025,5,"MI","Kalamazoo,MI","City","Kalamazoo,MI,City"
"Kalamazoo",NA,NA,NA,NA,NA,NA,NA,2025,6,"MI","Kalamazoo,MI","City","Kalamazoo,MI,City"
"Kalamazoo",NA,NA,NA,NA,NA,NA,NA,2025,7,"MI","Kalamazoo,MI","City","Kalamazoo,MI,City"
"Kalamazoo",NA,NA,NA,NA,NA,NA,NA,2025,8,"MI","Kalamazoo,MI","City","Kalamazoo,MI,City"
"Kentwood",NA,NA,NA,NA,NA,NA,NA,2025,3,"MI","Kentwood,MI","City","Kentwood,MI,City"
"Kentwood",NA,NA,NA,NA,NA,NA,NA,2025,4,"MI","Kentwood,MI","City","Kentwood,MI,City"
"Kentwood",NA,NA,NA,NA,NA,NA,NA,2025,5,"MI","Kentwood,MI","City","Kentwood,MI,City"
"Kentwood",NA,NA,NA,NA,NA,NA,NA,2025,6,"MI","Kentwood,MI","City","Kentwood,MI,City"
"Kentwood",NA,NA,NA,NA,NA,NA,NA,2025,7,"MI","Kentwood,MI","City","Kentwood,MI,City"
"Kentwood",NA,NA,NA,NA,NA,NA,NA,2025,8,"MI","Kentwood,MI","City","Kentwood,MI,City"
"Kokomo",NA,NA,NA,NA,NA,NA,NA,2025,6,"IN","Kokomo,IN","City","Kokomo,IN,City"
"Kokomo",NA,NA,NA,NA,NA,NA,NA,2025,7,"IN","Kokomo,IN","City","Kokomo,IN,City"
"Kokomo",NA,NA,NA,NA,NA,NA,NA,2025,8,"IN","Kokomo,IN","City","Kokomo,IN,City"
"Lansing",NA,NA,NA,NA,NA,NA,NA,2025,5,"MI","Lansing,MI","City","Lansing,MI,City"
"Lansing",NA,NA,NA,NA,NA,NA,NA,2025,6,"MI","Lansing,MI","City","Lansing,MI,City"
"Lansing",NA,NA,NA,NA,NA,NA,NA,2025,7,"MI","Lansing,MI","City","Lansing,MI,City"
"Lansing",NA,NA,NA,NA,NA,NA,NA,2025,8,"MI","Lansing,MI","City","Lansing,MI,City"
"Marietta",NA,NA,NA,NA,NA,NA,NA,2025,8,"GA","Marietta,GA","City","Marietta,GA,City"
"Muncie",NA,NA,NA,NA,NA,NA,NA,2024,9,"IN","Muncie,IN","City","Muncie,IN,City"
"Muncie",NA,NA,NA,NA,NA,NA,NA,2024,10,"IN","Muncie,IN","City","Muncie,IN,City"
"Muncie",NA,NA,NA,NA,NA,NA,NA,2024,11,"IN","Muncie,IN","City","Muncie,IN,City"
"Muncie",NA,NA,NA,NA,NA,NA,NA,2024,12,"IN","Muncie,IN","City","Muncie,IN,City"
"New Rochelle",NA,NA,NA,NA,NA,NA,NA,2025,8,"NY","New Rochelle,NY","City","New Rochelle,NY,City"
"Newark",NA,NA,NA,NA,NA,NA,NA,2025,8,"NJ","Newark,NJ","City","Newark,NJ,City"
"Novato",NA,NA,NA,NA,NA,NA,NA,2021,1,"CA","Novato,CA","City","Novato,CA,City"
"Novato",NA,NA,NA,NA,NA,NA,NA,2021,2,"CA","Novato,CA","City","Novato,CA,City"
"Novato",NA,NA,NA,NA,NA,NA,NA,2021,3,"CA","Novato,CA","City","Novato,CA,City"
"Novato",NA,NA,NA,NA,NA,NA,NA,2021,4,"CA","Novato,CA","City","Novato,CA,City"
"Novato",NA,NA,NA,NA,NA,NA,NA,2021,5,"CA","Novato,CA","City","Novato,CA,City"
"Novato",NA,NA,NA,NA,NA,NA,NA,2021,6,"CA","Novato,CA","City","Novato,CA,City"
"Novato",NA,NA,NA,NA,NA,NA,NA,2021,7,"CA","Novato,CA","City","Novato,CA,City"
"Novato",NA,NA,NA,NA,NA,NA,NA,2021,8,"CA","Novato,CA","City","Novato,CA,City"
"Novato",NA,NA,NA,NA,NA,NA,NA,2021,9,"CA","Novato,CA","City","Novato,CA,City"
"Novato",NA,NA,NA,NA,NA,NA,NA,2021,10,"CA","Novato,CA","City","Novato,CA,City"
"Novato",NA,NA,NA,NA,NA,NA,NA,2021,11,"CA","Novato,CA","City","Novato,CA,City"
"Novato",NA,NA,NA,NA,NA,NA,NA,2021,12,"CA","Novato,CA","City","Novato,CA,City"
"Owensboro",NA,NA,NA,NA,NA,NA,NA,2025,8,"KY","Owensboro,KY","City","Owensboro,KY,City"
"Provo",NA,NA,NA,NA,NA,NA,NA,2025,8,"UT","Provo,UT","City","Provo,UT,City"
"Redmond",NA,NA,NA,NA,NA,NA,NA,2025,8,"WA","Redmond,WA","City","Redmond,WA,City"
"Rochester",NA,NA,NA,NA,NA,NA,NA,2025,8,"MI","Rochester,MI","City","Rochester,MI,City"
"Sandy",NA,NA,NA,NA,NA,NA,NA,2025,4,"UT","Sandy,UT","City","Sandy,UT,City"
"Sandy",NA,NA,NA,NA,NA,NA,NA,2025,5,"UT","Sandy,UT","City","Sandy,UT,City"
"Sandy",NA,NA,NA,NA,NA,NA,NA,2025,6,"UT","Sandy,UT","City","Sandy,UT,City"
"Sandy",NA,NA,NA,NA,NA,NA,NA,2025,7,"UT","Sandy,UT","City","Sandy,UT,City"
"Sandy",NA,NA,NA,NA,NA,NA,NA,2025,8,"UT","Sandy,UT","City","Sandy,UT,City"
"Saratoga Springs",NA,NA,NA,NA,NA,NA,NA,2025,8,"UT","Saratoga Springs,UT","City","Saratoga Springs,UT,City"
"Schenectady",NA,NA,NA,NA,NA,NA,NA,2025,7,"NY","Schenectady,NY","City","Schenectady,NY,City"
"Schenectady",NA,NA,NA,NA,NA,NA,NA,2025,8,"NY","Schenectady,NY","City","Schenectady,NY,City"
"Spokane Valley",NA,NA,NA,NA,NA,NA,NA,2025,8,"WA","Spokane Valley,WA","City","Spokane Valley,WA,City"
"Terre Haute",NA,NA,NA,NA,NA,NA,NA,2025,8,"IN","Terre Haute,IN","City","Terre Haute,IN,City"
"Utica",NA,NA,NA,NA,NA,NA,NA,2025,8,"NY","Utica,NY","City","Utica,NY,City"
"Westfield",NA,NA,NA,NA,NA,NA,NA,2025,8,"IN","Westfield,IN","City","Westfield,IN,City"
"Yakima",NA,NA,NA,NA,NA,NA,NA,2025,8,"WA","Yakima,WA","City","Yakima,WA,City"
"Lakewood",NA,NA,NA,NA,NA,NA,NA,2025,6,"CO","Lakewood,CO","City","Lakewood,CO,City"
"Lakewood",NA,NA,NA,NA,NA,NA,NA,2025,7,"CO","Lakewood,CO","City","Lakewood,CO,City"
"Lakewood",NA,NA,NA,NA,NA,NA,NA,2025,8,"CO","Lakewood,CO","City","Lakewood,CO,City"
"Longmont",NA,NA,NA,NA,NA,NA,NA,2025,3,"CO","Longmont,CO","City","Longmont,CO,City"
"Longmont",NA,NA,NA,NA,NA,NA,NA,2025,4,"CO","Longmont,CO","City","Longmont,CO,City"
"Longmont",NA,NA,NA,NA,NA,NA,NA,2025,5,"CO","Longmont,CO","City","Longmont,CO,City"
"Longmont",NA,NA,NA,NA,NA,NA,NA,2025,6,"CO","Longmont,CO","City","Longmont,CO,City"
"Longmont",NA,NA,NA,NA,NA,NA,NA,2025,7,"CO","Longmont,CO","City","Longmont,CO,City"
"Longmont",NA,NA,NA,NA,NA,NA,NA,2025,8,"CO","Longmont,CO","City","Longmont,CO,City"
"Loveland",NA,NA,NA,NA,NA,NA,NA,2025,7,"CO","Loveland,CO","City","Loveland,CO,City"
"Loveland",NA,NA,NA,NA,NA,NA,NA,2025,8,"CO","Loveland,CO","City","Loveland,CO,City"
"Pueblo",NA,NA,NA,NA,NA,NA,NA,2025,3,"CO","Pueblo,CO","City","Pueblo,CO,City"
"Pueblo",NA,NA,NA,NA,NA,NA,NA,2025,4,"CO","Pueblo,CO","City","Pueblo,CO,City"
"Pueblo",NA,NA,NA,NA,NA,NA,NA,2025,5,"CO","Pueblo,CO","City","Pueblo,CO,City"
"Pueblo",NA,NA,NA,NA,NA,NA,NA,2025,6,"CO","Pueblo,CO","City","Pueblo,CO,City"
"Pueblo",NA,NA,NA,NA,NA,NA,NA,2025,7,"CO","Pueblo,CO","City","Pueblo,CO,City"
"Pueblo",NA,NA,NA,NA,NA,NA,NA,2025,8,"CO","Pueblo,CO","City","Pueblo,CO,City"
"Bridgeport",NA,NA,NA,NA,NA,NA,NA,2025,8,"CT","Bridgeport,CT","City","Bridgeport,CT,City"
"Danbury",NA,NA,NA,NA,NA,NA,NA,2025,8,"CT","Danbury,CT","City","Danbury,CT,City"
"Hamden",NA,NA,NA,NA,NA,NA,NA,2025,8,"CT","Hamden,CT","City","Hamden,CT,City"
"Manchester",NA,NA,NA,NA,NA,NA,NA,2025,8,"CT","Manchester,CT","City","Manchester,CT,City"
"New Haven",NA,NA,NA,NA,NA,NA,NA,2025,7,"CT","New Haven,CT","City","New Haven,CT,City"
"New Haven",NA,NA,NA,NA,NA,NA,NA,2025,8,"CT","New Haven,CT","City","New Haven,CT,City"
"Norwalk",NA,NA,NA,NA,NA,NA,NA,2025,4,"CT","Norwalk,CT","City","Norwalk,CT,City"
"Norwalk",NA,NA,NA,NA,NA,NA,NA,2025,5,"CT","Norwalk,CT","City","Norwalk,CT,City"
"Norwalk",NA,NA,NA,NA,NA,NA,NA,2025,6,"CT","Norwalk,CT","City","Norwalk,CT,City"
"Norwalk",NA,NA,NA,NA,NA,NA,NA,2025,7,"CT","Norwalk,CT","City","Norwalk,CT,City"
"Norwalk",NA,NA,NA,NA,NA,NA,NA,2025,8,"CT","Norwalk,CT","City","Norwalk,CT,City"
"Fremont",NA,NA,NA,NA,NA,NA,NA,2025,2,"CA","Fremont,CA","City","Fremont,CA,City"
"Fremont",NA,NA,NA,NA,NA,NA,NA,2025,3,"CA","Fremont,CA","City","Fremont,CA,City"
"Boise",NA,NA,NA,NA,NA,NA,NA,2025,8,"ID","Boise,ID","City","Boise,ID,City"
"Caldwell",NA,NA,NA,NA,NA,NA,NA,2025,7,"ID","Caldwell,ID","City","Caldwell,ID,City"
"Caldwell",NA,NA,NA,NA,NA,NA,NA,2025,8,"ID","Caldwell,ID","City","Caldwell,ID,City"
"Des Plaines",NA,NA,NA,NA,NA,NA,NA,2025,3,"IL","Des Plaines,IL","City","Des Plaines,IL,City"
"Des Plaines",NA,NA,NA,NA,NA,NA,NA,2025,4,"IL","Des Plaines,IL","City","Des Plaines,IL,City"
"Des Plaines",NA,NA,NA,NA,NA,NA,NA,2025,5,"IL","Des Plaines,IL","City","Des Plaines,IL,City"
"Des Plaines",NA,NA,NA,NA,NA,NA,NA,2025,6,"IL","Des Plaines,IL","City","Des Plaines,IL,City"
"Des Plaines",NA,NA,NA,NA,NA,NA,NA,2025,7,"IL","Des Plaines,IL","City","Des Plaines,IL,City"
"Des Plaines",NA,NA,NA,NA,NA,NA,NA,2025,8,"IL","Des Plaines,IL","City","Des Plaines,IL,City"
"Evanston",NA,NA,NA,NA,NA,NA,NA,2025,6,"IL","Evanston,IL","City","Evanston,IL,City"
"Evanston",NA,NA,NA,NA,NA,NA,NA,2025,7,"IL","Evanston,IL","City","Evanston,IL,City"
"Evanston",NA,NA,NA,NA,NA,NA,NA,2025,8,"IL","Evanston,IL","City","Evanston,IL,City"
"Mount Prospect",NA,NA,NA,NA,NA,NA,NA,2025,7,"IL","Mount Prospect,IL","City","Mount Prospect,IL,City"
"Mount Prospect",NA,NA,NA,NA,NA,NA,NA,2025,8,"IL","Mount Prospect,IL","City","Mount Prospect,IL,City"
"Normal",NA,NA,NA,NA,NA,NA,NA,2025,5,"IL","Normal,IL","City","Normal,IL,City"
"Normal",NA,NA,NA,NA,NA,NA,NA,2025,6,"IL","Normal,IL","City","Normal,IL,City"
"Normal",NA,NA,NA,NA,NA,NA,NA,2025,7,"IL","Normal,IL","City","Normal,IL,City"
"Normal",NA,NA,NA,NA,NA,NA,NA,2025,8,"IL","Normal,IL","City","Normal,IL,City"
"Barnstable",NA,NA,NA,NA,NA,NA,NA,2025,7,"MA","Barnstable,MA","City","Barnstable,MA,City"
"Barnstable",NA,NA,NA,NA,NA,NA,NA,2025,8,"MA","Barnstable,MA","City","Barnstable,MA,City"
"Brookline",NA,NA,NA,NA,NA,NA,NA,2025,2,"MA","Brookline,MA","City","Brookline,MA,City"
"Brookline",NA,NA,NA,NA,NA,NA,NA,2025,3,"MA","Brookline,MA","City","Brookline,MA,City"
"Brookline",NA,NA,NA,NA,NA,NA,NA,2025,4,"MA","Brookline,MA","City","Brookline,MA,City"
"Brookline",NA,NA,NA,NA,NA,NA,NA,2025,5,"MA","Brookline,MA","City","Brookline,MA,City"
"Brookline",NA,NA,NA,NA,NA,NA,NA,2025,6,"MA","Brookline,MA","City","Brookline,MA,City"
"Brookline",NA,NA,NA,NA,NA,NA,NA,2025,7,"MA","Brookline,MA","City","Brookline,MA,City"
"Brookline",NA,NA,NA,NA,NA,NA,NA,2025,8,"MA","Brookline,MA","City","Brookline,MA,City"
"Fall River",NA,NA,NA,NA,NA,NA,NA,2025,8,"MA","Fall River,MA","City","Fall River,MA,City"
"Framingham",NA,NA,NA,NA,NA,NA,NA,2025,7,"MA","Framingham,MA","City","Framingham,MA,City"
"Framingham",NA,NA,NA,NA,NA,NA,NA,2025,8,"MA","Framingham,MA","City","Framingham,MA,City"
"Lowell",NA,NA,NA,NA,NA,NA,NA,2023,3,"MA","Lowell,MA","City","Lowell,MA,City"
"Lowell",NA,NA,NA,NA,NA,NA,NA,2023,10,"MA","Lowell,MA","City","Lowell,MA,City"
"Lowell",NA,NA,NA,NA,NA,NA,NA,2023,11,"MA","Lowell,MA","City","Lowell,MA,City"
"Lowell",NA,NA,NA,NA,NA,NA,NA,2023,12,"MA","Lowell,MA","City","Lowell,MA,City"
"Lowell",NA,NA,NA,NA,NA,NA,NA,2025,6,"MA","Lowell,MA","City","Lowell,MA,City"
"Lowell",NA,NA,NA,NA,NA,NA,NA,2025,7,"MA","Lowell,MA","City","Lowell,MA,City"
"Lowell",NA,NA,NA,NA,NA,NA,NA,2025,8,"MA","Lowell,MA","City","Lowell,MA,City"
"Medford",NA,NA,NA,NA,NA,NA,NA,2025,8,"MA","Medford,MA","City","Medford,MA,City"
"Methuen",NA,NA,NA,NA,NA,NA,NA,2025,4,"MA","Methuen,MA","City","Methuen,MA,City"
"Methuen",NA,NA,NA,NA,NA,NA,NA,2025,5,"MA","Methuen,MA","City","Methuen,MA,City"
"Methuen",NA,NA,NA,NA,NA,NA,NA,2025,6,"MA","Methuen,MA","City","Methuen,MA,City"
"Methuen",NA,NA,NA,NA,NA,NA,NA,2025,7,"MA","Methuen,MA","City","Methuen,MA,City"
"Methuen",NA,NA,NA,NA,NA,NA,NA,2025,8,"MA","Methuen,MA","City","Methuen,MA,City"
"Newton",NA,NA,NA,NA,NA,NA,NA,2025,7,"MA","Newton,MA","City","Newton,MA,City"
"Newton",NA,NA,NA,NA,NA,NA,NA,2025,8,"MA","Newton,MA","City","Newton,MA,City"
"Peabody",NA,NA,NA,NA,NA,NA,NA,2025,1,"MA","Peabody,MA","City","Peabody,MA,City"
"Peabody",NA,NA,NA,NA,NA,NA,NA,2025,2,"MA","Peabody,MA","City","Peabody,MA,City"
"Peabody",NA,NA,NA,NA,NA,NA,NA,2025,3,"MA","Peabody,MA","City","Peabody,MA,City"
"Peabody",NA,NA,NA,NA,NA,NA,NA,2025,4,"MA","Peabody,MA","City","Peabody,MA,City"
"Peabody",NA,NA,NA,NA,NA,NA,NA,2025,5,"MA","Peabody,MA","City","Peabody,MA,City"
"Peabody",NA,NA,NA,NA,NA,NA,NA,2025,6,"MA","Peabody,MA","City","Peabody,MA,City"
"Peabody",NA,NA,NA,NA,NA,NA,NA,2025,7,"MA","Peabody,MA","City","Peabody,MA,City"
"Peabody",NA,NA,NA,NA,NA,NA,NA,2025,8,"MA","Peabody,MA","City","Peabody,MA,City"
"Plymouth",NA,NA,NA,NA,NA,NA,NA,2025,7,"MA","Plymouth,MA","City","Plymouth,MA,City"
"Plymouth",NA,NA,NA,NA,NA,NA,NA,2025,8,"MA","Plymouth,MA","City","Plymouth,MA,City"
"Springfield",NA,NA,NA,NA,NA,NA,NA,2025,8,"MA","Springfield,MA","City","Springfield,MA,City"
"Worcester",NA,NA,NA,NA,NA,NA,NA,2023,8,"MA","Worcester,MA","City","Worcester,MA,City"
"Worcester",NA,NA,NA,NA,NA,NA,NA,2023,9,"MA","Worcester,MA","City","Worcester,MA,City"
"Worcester",NA,NA,NA,NA,NA,NA,NA,2023,10,"MA","Worcester,MA","City","Worcester,MA,City"
"Worcester",NA,NA,NA,NA,NA,NA,NA,2023,11,"MA","Worcester,MA","City","Worcester,MA,City"
"Worcester",NA,NA,NA,NA,NA,NA,NA,2023,12,"MA","Worcester,MA","City","Worcester,MA,City"
"Worcester",NA,NA,NA,NA,NA,NA,NA,2024,1,"MA","Worcester,MA","City","Worcester,MA,City"
"Worcester",NA,NA,NA,NA,NA,NA,NA,2024,2,"MA","Worcester,MA","City","Worcester,MA,City"
"Worcester",NA,NA,NA,NA,NA,NA,NA,2024,3,"MA","Worcester,MA","City","Worcester,MA,City"
"Worcester",NA,NA,NA,NA,NA,NA,NA,2024,4,"MA","Worcester,MA","City","Worcester,MA,City"
"Worcester",NA,NA,NA,NA,NA,NA,NA,2024,5,"MA","Worcester,MA","City","Worcester,MA,City"
"Worcester",NA,NA,NA,NA,NA,NA,NA,2024,6,"MA","Worcester,MA","City","Worcester,MA,City"
"Worcester",NA,NA,NA,NA,NA,NA,NA,2024,7,"MA","Worcester,MA","City","Worcester,MA,City"
"Worcester",NA,NA,NA,NA,NA,NA,NA,2024,8,"MA","Worcester,MA","City","Worcester,MA,City"
"Worcester",NA,NA,NA,NA,NA,NA,NA,2024,9,"MA","Worcester,MA","City","Worcester,MA,City"
"Worcester",NA,NA,NA,NA,NA,NA,NA,2024,10,"MA","Worcester,MA","City","Worcester,MA,City"
"Worcester",NA,NA,NA,NA,NA,NA,NA,2024,11,"MA","Worcester,MA","City","Worcester,MA,City"
"Worcester",NA,NA,NA,NA,NA,NA,NA,2024,12,"MA","Worcester,MA","City","Worcester,MA,City"
"Worcester",NA,NA,NA,NA,NA,NA,NA,2025,1,"MA","Worcester,MA","City","Worcester,MA,City"
"Worcester",NA,NA,NA,NA,NA,NA,NA,2025,2,"MA","Worcester,MA","City","Worcester,MA,City"
"Worcester",NA,NA,NA,NA,NA,NA,NA,2025,3,"MA","Worcester,MA","City","Worcester,MA,City"
"Worcester",NA,NA,NA,NA,NA,NA,NA,2025,4,"MA","Worcester,MA","City","Worcester,MA,City"
"Worcester",NA,NA,NA,NA,NA,NA,NA,2025,5,"MA","Worcester,MA","City","Worcester,MA,City"
"Worcester",NA,NA,NA,NA,NA,NA,NA,2025,6,"MA","Worcester,MA","City","Worcester,MA,City"
"Worcester",NA,NA,NA,NA,NA,NA,NA,2025,7,"MA","Worcester,MA","City","Worcester,MA,City"
"Worcester",NA,NA,NA,NA,NA,NA,NA,2025,8,"MA","Worcester,MA","City","Worcester,MA,City"
"Rochester",NA,NA,NA,NA,NA,NA,NA,2025,2,"MN","Rochester,MN","City","Rochester,MN,City"
"Rochester",NA,NA,NA,NA,NA,NA,NA,2025,3,"MN","Rochester,MN","City","Rochester,MN,City"
"Rochester",NA,NA,NA,NA,NA,NA,NA,2025,4,"MN","Rochester,MN","City","Rochester,MN,City"
"Rochester",NA,NA,NA,NA,NA,NA,NA,2025,5,"MN","Rochester,MN","City","Rochester,MN,City"
"Rochester",NA,NA,NA,NA,NA,NA,NA,2025,6,"MN","Rochester,MN","City","Rochester,MN,City"
"Rochester",NA,NA,NA,NA,NA,NA,NA,2025,7,"MN","Rochester,MN","City","Rochester,MN,City"
"Rochester",NA,NA,NA,NA,NA,NA,NA,2025,8,"MN","Rochester,MN","City","Rochester,MN,City"
"St. Paul",NA,NA,NA,NA,NA,NA,NA,2025,8,"MN","St. Paul,MN","City","St. Paul,MN,City"
"Florissant",NA,NA,NA,NA,NA,NA,NA,2025,4,"MO","Florissant,MO","City","Florissant,MO,City"
"Florissant",NA,NA,NA,NA,NA,NA,NA,2025,8,"MO","Florissant,MO","City","Florissant,MO,City"
"Springfield",NA,NA,NA,NA,NA,NA,NA,2025,8,"MO","Springfield,MO","City","Springfield,MO,City"
"Nashua",NA,NA,NA,NA,NA,NA,NA,2025,2,"NH","Nashua,NH","City","Nashua,NH,City"
"North Las Vegas",NA,NA,NA,NA,NA,NA,NA,2025,7,"NV","North Las Vegas,NV","City","North Las Vegas,NV,City"
"Reno",NA,NA,NA,NA,NA,NA,NA,2025,7,"NV","Reno,NV","City","Reno,NV,City"
"Sparks",NA,NA,NA,NA,NA,NA,NA,2025,7,"NV","Sparks,NV","City","Sparks,NV,City"
"Norman",NA,NA,NA,NA,NA,NA,NA,2025,4,"OK","Norman,OK","City","Norman,OK,City"
"Apex",NA,NA,NA,NA,NA,NA,NA,2024,6,"NC","Apex,NC","City","Apex,NC,City"
"Apex",NA,NA,NA,NA,NA,NA,NA,2024,7,"NC","Apex,NC","City","Apex,NC,City"
"Apex",NA,NA,NA,NA,NA,NA,NA,2024,8,"NC","Apex,NC","City","Apex,NC,City"
"Apex",NA,NA,NA,NA,NA,NA,NA,2024,9,"NC","Apex,NC","City","Apex,NC,City"
"Apex",NA,NA,NA,NA,NA,NA,NA,2024,10,"NC","Apex,NC","City","Apex,NC,City"
"Apex",NA,NA,NA,NA,NA,NA,NA,2024,11,"NC","Apex,NC","City","Apex,NC,City"
"Apex",NA,NA,NA,NA,NA,NA,NA,2024,12,"NC","Apex,NC","City","Apex,NC,City"
"Apex",NA,NA,NA,NA,NA,NA,NA,2025,1,"NC","Apex,NC","City","Apex,NC,City"
"Apex",NA,NA,NA,NA,NA,NA,NA,2025,2,"NC","Apex,NC","City","Apex,NC,City"
"Apex",NA,NA,NA,NA,NA,NA,NA,2025,3,"NC","Apex,NC","City","Apex,NC,City"
"Apex",NA,NA,NA,NA,NA,NA,NA,2025,4,"NC","Apex,NC","City","Apex,NC,City"
"Apex",NA,NA,NA,NA,NA,NA,NA,2025,5,"NC","Apex,NC","City","Apex,NC,City"
"Apex",NA,NA,NA,NA,NA,NA,NA,2025,6,"NC","Apex,NC","City","Apex,NC,City"
"Apex",NA,NA,NA,NA,NA,NA,NA,2025,7,"NC","Apex,NC","City","Apex,NC,City"
"Apex",NA,NA,NA,NA,NA,NA,NA,2025,8,"NC","Apex,NC","City","Apex,NC,City"
"Chapel Hill",NA,NA,NA,NA,NA,NA,NA,2025,8,"NC","Chapel Hill,NC","City","Chapel Hill,NC,City"
"Durham",NA,NA,NA,NA,NA,NA,NA,2025,8,"NC","Durham,NC","City","Durham,NC,City"
"Jacksonville",NA,NA,NA,NA,NA,NA,NA,2019,5,"NC","Jacksonville,NC","City","Jacksonville,NC,City"
"Jacksonville",NA,NA,NA,NA,NA,NA,NA,2019,6,"NC","Jacksonville,NC","City","Jacksonville,NC,City"
"Jacksonville",NA,NA,NA,NA,NA,NA,NA,2019,7,"NC","Jacksonville,NC","City","Jacksonville,NC,City"
"Jacksonville",NA,NA,NA,NA,NA,NA,NA,2019,8,"NC","Jacksonville,NC","City","Jacksonville,NC,City"
"Jacksonville",NA,NA,NA,NA,NA,NA,NA,2019,9,"NC","Jacksonville,NC","City","Jacksonville,NC,City"
"Jacksonville",NA,NA,NA,NA,NA,NA,NA,2019,10,"NC","Jacksonville,NC","City","Jacksonville,NC,City"
"Jacksonville",NA,NA,NA,NA,NA,NA,NA,2019,11,"NC","Jacksonville,NC","City","Jacksonville,NC,City"
"Jacksonville",NA,NA,NA,NA,NA,NA,NA,2019,12,"NC","Jacksonville,NC","City","Jacksonville,NC,City"
"Jacksonville",NA,NA,NA,NA,NA,NA,NA,2024,11,"NC","Jacksonville,NC","City","Jacksonville,NC,City"
"Jacksonville",NA,NA,NA,NA,NA,NA,NA,2024,12,"NC","Jacksonville,NC","City","Jacksonville,NC,City"
"Jacksonville",NA,NA,NA,NA,NA,NA,NA,2025,4,"NC","Jacksonville,NC","City","Jacksonville,NC,City"
"Jacksonville",NA,NA,NA,NA,NA,NA,NA,2025,5,"NC","Jacksonville,NC","City","Jacksonville,NC,City"
"Jacksonville",NA,NA,NA,NA,NA,NA,NA,2025,6,"NC","Jacksonville,NC","City","Jacksonville,NC,City"
"Jacksonville",NA,NA,NA,NA,NA,NA,NA,2025,7,"NC","Jacksonville,NC","City","Jacksonville,NC,City"
"Jacksonville",NA,NA,NA,NA,NA,NA,NA,2025,8,"NC","Jacksonville,NC","City","Jacksonville,NC,City"
"Mooresville",NA,NA,NA,NA,NA,NA,NA,2025,8,"NC","Mooresville,NC","City","Mooresville,NC,City"
"Rocky Mount",NA,NA,NA,NA,NA,NA,NA,2025,7,"NC","Rocky Mount,NC","City","Rocky Mount,NC,City"
"Rocky Mount",NA,NA,NA,NA,NA,NA,NA,2025,8,"NC","Rocky Mount,NC","City","Rocky Mount,NC,City"
"Winston-Salem",NA,NA,NA,NA,NA,NA,NA,2025,8,"NC","Winston-Salem,NC","City","Winston-Salem,NC,City"
"Akron",NA,NA,NA,NA,NA,NA,NA,2025,7,"OH","Akron,OH","City","Akron,OH,City"
"Akron",NA,NA,NA,NA,NA,NA,NA,2025,8,"OH","Akron,OH","City","Akron,OH,City"
"Cleveland",NA,NA,NA,NA,NA,NA,NA,2025,8,"OH","Cleveland,OH","City","Cleveland,OH,City"
"Cuyahoga Falls",NA,NA,NA,NA,NA,NA,NA,2021,1,"OH","Cuyahoga Falls,OH","City","Cuyahoga Falls,OH,City"
"Cuyahoga Falls",NA,NA,NA,NA,NA,NA,NA,2021,2,"OH","Cuyahoga Falls,OH","City","Cuyahoga Falls,OH,City"
"Cuyahoga Falls",NA,NA,NA,NA,NA,NA,NA,2021,3,"OH","Cuyahoga Falls,OH","City","Cuyahoga Falls,OH,City"
"Cuyahoga Falls",NA,NA,NA,NA,NA,NA,NA,2021,4,"OH","Cuyahoga Falls,OH","City","Cuyahoga Falls,OH,City"
"Cuyahoga Falls",NA,NA,NA,NA,NA,NA,NA,2021,5,"OH","Cuyahoga Falls,OH","City","Cuyahoga Falls,OH,City"
"Cuyahoga Falls",NA,NA,NA,NA,NA,NA,NA,2021,6,"OH","Cuyahoga Falls,OH","City","Cuyahoga Falls,OH,City"
"Cuyahoga Falls",NA,NA,NA,NA,NA,NA,NA,2021,7,"OH","Cuyahoga Falls,OH","City","Cuyahoga Falls,OH,City"
"Cuyahoga Falls",NA,NA,NA,NA,NA,NA,NA,2021,8,"OH","Cuyahoga Falls,OH","City","Cuyahoga Falls,OH,City"
"Cuyahoga Falls",NA,NA,NA,NA,NA,NA,NA,2021,9,"OH","Cuyahoga Falls,OH","City","Cuyahoga Falls,OH,City"
"Cuyahoga Falls",NA,NA,NA,NA,NA,NA,NA,2021,10,"OH","Cuyahoga Falls,OH","City","Cuyahoga Falls,OH,City"
"Cuyahoga Falls",NA,NA,NA,NA,NA,NA,NA,2021,11,"OH","Cuyahoga Falls,OH","City","Cuyahoga Falls,OH,City"
"Cuyahoga Falls",NA,NA,NA,NA,NA,NA,NA,2021,12,"OH","Cuyahoga Falls,OH","City","Cuyahoga Falls,OH,City"
"Dublin",NA,NA,NA,NA,NA,NA,NA,2025,8,"OH","Dublin,OH","City","Dublin,OH,City"
"Hamilton",NA,NA,NA,NA,NA,NA,NA,2020,3,"OH","Hamilton,OH","City","Hamilton,OH,City"
"Hamilton",NA,NA,NA,NA,NA,NA,NA,2020,4,"OH","Hamilton,OH","City","Hamilton,OH,City"
"Hamilton",NA,NA,NA,NA,NA,NA,NA,2020,5,"OH","Hamilton,OH","City","Hamilton,OH,City"
"Hamilton",NA,NA,NA,NA,NA,NA,NA,2020,6,"OH","Hamilton,OH","City","Hamilton,OH,City"
"Hamilton",NA,NA,NA,NA,NA,NA,NA,2020,7,"OH","Hamilton,OH","City","Hamilton,OH,City"
"Hamilton",NA,NA,NA,NA,NA,NA,NA,2020,8,"OH","Hamilton,OH","City","Hamilton,OH,City"
"Hamilton",NA,NA,NA,NA,NA,NA,NA,2020,9,"OH","Hamilton,OH","City","Hamilton,OH,City"
"Hamilton",NA,NA,NA,NA,NA,NA,NA,2020,10,"OH","Hamilton,OH","City","Hamilton,OH,City"
"Hamilton",NA,NA,NA,NA,NA,NA,NA,2020,11,"OH","Hamilton,OH","City","Hamilton,OH,City"
"Hamilton",NA,NA,NA,NA,NA,NA,NA,2020,12,"OH","Hamilton,OH","City","Hamilton,OH,City"
"Hamilton",NA,NA,NA,NA,NA,NA,NA,2025,7,"OH","Hamilton,OH","City","Hamilton,OH,City"
"Hamilton",NA,NA,NA,NA,NA,NA,NA,2025,8,"OH","Hamilton,OH","City","Hamilton,OH,City"
"Kettering",NA,NA,NA,NA,NA,NA,NA,2020,3,"OH","Kettering,OH","City","Kettering,OH,City"
"Kettering",NA,NA,NA,NA,NA,NA,NA,2020,4,"OH","Kettering,OH","City","Kettering,OH,City"
"Kettering",NA,NA,NA,NA,NA,NA,NA,2020,5,"OH","Kettering,OH","City","Kettering,OH,City"
"Kettering",NA,NA,NA,NA,NA,NA,NA,2020,6,"OH","Kettering,OH","City","Kettering,OH,City"
"Kettering",NA,NA,NA,NA,NA,NA,NA,2020,7,"OH","Kettering,OH","City","Kettering,OH,City"
"Kettering",NA,NA,NA,NA,NA,NA,NA,2020,8,"OH","Kettering,OH","City","Kettering,OH,City"
"Kettering",NA,NA,NA,NA,NA,NA,NA,2020,9,"OH","Kettering,OH","City","Kettering,OH,City"
"Kettering",NA,NA,NA,NA,NA,NA,NA,2020,10,"OH","Kettering,OH","City","Kettering,OH,City"
"Kettering",NA,NA,NA,NA,NA,NA,NA,2020,11,"OH","Kettering,OH","City","Kettering,OH,City"
"Kettering",NA,NA,NA,NA,NA,NA,NA,2020,12,"OH","Kettering,OH","City","Kettering,OH,City"
"Kettering",NA,NA,NA,NA,NA,NA,NA,2021,1,"OH","Kettering,OH","City","Kettering,OH,City"
"Kettering",NA,NA,NA,NA,NA,NA,NA,2021,2,"OH","Kettering,OH","City","Kettering,OH,City"
"Kettering",NA,NA,NA,NA,NA,NA,NA,2021,3,"OH","Kettering,OH","City","Kettering,OH,City"
"Kettering",NA,NA,NA,NA,NA,NA,NA,2021,4,"OH","Kettering,OH","City","Kettering,OH,City"
"Kettering",NA,NA,NA,NA,NA,NA,NA,2021,5,"OH","Kettering,OH","City","Kettering,OH,City"
"Kettering",NA,NA,NA,NA,NA,NA,NA,2021,6,"OH","Kettering,OH","City","Kettering,OH,City"
"Kettering",NA,NA,NA,NA,NA,NA,NA,2021,7,"OH","Kettering,OH","City","Kettering,OH,City"
"Kettering",NA,NA,NA,NA,NA,NA,NA,2021,8,"OH","Kettering,OH","City","Kettering,OH,City"
"Kettering",NA,NA,NA,NA,NA,NA,NA,2021,9,"OH","Kettering,OH","City","Kettering,OH,City"
"Kettering",NA,NA,NA,NA,NA,NA,NA,2021,10,"OH","Kettering,OH","City","Kettering,OH,City"
"Kettering",NA,NA,NA,NA,NA,NA,NA,2021,11,"OH","Kettering,OH","City","Kettering,OH,City"
"Kettering",NA,NA,NA,NA,NA,NA,NA,2021,12,"OH","Kettering,OH","City","Kettering,OH,City"
"Lakewood",NA,NA,NA,NA,NA,NA,NA,2025,8,"OH","Lakewood,OH","City","Lakewood,OH,City"
"Middletown",NA,NA,NA,NA,NA,NA,NA,2025,8,"OH","Middletown,OH","City","Middletown,OH,City"
"Parma",NA,NA,NA,NA,NA,NA,NA,2025,8,"OH","Parma,OH","City","Parma,OH,City"
"Toledo",NA,NA,NA,NA,NA,NA,NA,2025,8,"OH","Toledo,OH","City","Toledo,OH,City"
"West Chester Township",NA,NA,NA,NA,NA,NA,NA,2025,8,"OH","West Chester Township,OH","City","West Chester Township,OH,City"
"Youngstown",NA,NA,NA,NA,NA,NA,NA,2025,5,"OH","Youngstown,OH","City","Youngstown,OH,City"
"Youngstown",NA,NA,NA,NA,NA,NA,NA,2025,6,"OH","Youngstown,OH","City","Youngstown,OH,City"
"Youngstown",NA,NA,NA,NA,NA,NA,NA,2025,7,"OH","Youngstown,OH","City","Youngstown,OH,City"
"Youngstown",NA,NA,NA,NA,NA,NA,NA,2025,8,"OH","Youngstown,OH","City","Youngstown,OH,City"
"Albany",NA,NA,NA,NA,NA,NA,NA,2025,4,"OR","Albany,OR","City","Albany,OR,City"
"Albany",NA,NA,NA,NA,NA,NA,NA,2025,5,"OR","Albany,OR","City","Albany,OR,City"
"Albany",NA,NA,NA,NA,NA,NA,NA,2025,6,"OR","Albany,OR","City","Albany,OR,City"
"Albany",NA,NA,NA,NA,NA,NA,NA,2025,7,"OR","Albany,OR","City","Albany,OR,City"
"Albany",NA,NA,NA,NA,NA,NA,NA,2025,8,"OR","Albany,OR","City","Albany,OR,City"
"Corvallis",NA,NA,NA,NA,NA,NA,NA,2025,5,"OR","Corvallis,OR","City","Corvallis,OR,City"
"Corvallis",NA,NA,NA,NA,NA,NA,NA,2025,6,"OR","Corvallis,OR","City","Corvallis,OR,City"
"Corvallis",NA,NA,NA,NA,NA,NA,NA,2025,7,"OR","Corvallis,OR","City","Corvallis,OR,City"
"Corvallis",NA,NA,NA,NA,NA,NA,NA,2025,8,"OR","Corvallis,OR","City","Corvallis,OR,City"
"Medford",NA,NA,NA,NA,NA,NA,NA,2025,7,"OR","Medford,OR","City","Medford,OR,City"
"Medford",NA,NA,NA,NA,NA,NA,NA,2025,8,"OR","Medford,OR","City","Medford,OR,City"
"Salem",NA,NA,NA,NA,NA,NA,NA,2025,7,"OR","Salem,OR","City","Salem,OR,City"
"Salem",NA,NA,NA,NA,NA,NA,NA,2025,8,"OR","Salem,OR","City","Salem,OR,City"
"Springfield",NA,NA,NA,NA,NA,NA,NA,2025,5,"OR","Springfield,OR","City","Springfield,OR,City"
"Springfield",NA,NA,NA,NA,NA,NA,NA,2025,6,"OR","Springfield,OR","City","Springfield,OR,City"
"Springfield",NA,NA,NA,NA,NA,NA,NA,2025,7,"OR","Springfield,OR","City","Springfield,OR,City"
"Springfield",NA,NA,NA,NA,NA,NA,NA,2025,8,"OR","Springfield,OR","City","Springfield,OR,City"
"Bensalem",NA,NA,NA,NA,NA,NA,NA,2025,3,"PA","Bensalem,PA","City","Bensalem,PA,City"
"Bensalem",NA,NA,NA,NA,NA,NA,NA,2025,4,"PA","Bensalem,PA","City","Bensalem,PA,City"
"Bensalem",NA,NA,NA,NA,NA,NA,NA,2025,5,"PA","Bensalem,PA","City","Bensalem,PA,City"
"Bensalem",NA,NA,NA,NA,NA,NA,NA,2025,6,"PA","Bensalem,PA","City","Bensalem,PA,City"
"Bensalem",NA,NA,NA,NA,NA,NA,NA,2025,7,"PA","Bensalem,PA","City","Bensalem,PA,City"
"Bensalem",NA,NA,NA,NA,NA,NA,NA,2025,8,"PA","Bensalem,PA","City","Bensalem,PA,City"
"Haverford",NA,NA,NA,NA,NA,NA,NA,2025,7,"PA","Haverford,PA","City","Haverford,PA,City"
"Haverford",NA,NA,NA,NA,NA,NA,NA,2025,8,"PA","Haverford,PA","City","Haverford,PA,City"
"Rapid City",NA,NA,NA,NA,NA,NA,NA,2025,6,"SD","Rapid City,SD","City","Rapid City,SD,City"
"Rapid City",NA,NA,NA,NA,NA,NA,NA,2025,7,"SD","Rapid City,SD","City","Rapid City,SD,City"
"Rapid City",NA,NA,NA,NA,NA,NA,NA,2025,8,"SD","Rapid City,SD","City","Rapid City,SD,City"
"Abilene",NA,NA,NA,NA,NA,NA,NA,2025,4,"TX","Abilene,TX","City","Abilene,TX,City"
"Abilene",NA,NA,NA,NA,NA,NA,NA,2025,5,"TX","Abilene,TX","City","Abilene,TX,City"
"Abilene",NA,NA,NA,NA,NA,NA,NA,2025,6,"TX","Abilene,TX","City","Abilene,TX,City"
"Abilene",NA,NA,NA,NA,NA,NA,NA,2025,7,"TX","Abilene,TX","City","Abilene,TX,City"
"Abilene",NA,NA,NA,NA,NA,NA,NA,2025,8,"TX","Abilene,TX","City","Abilene,TX,City"
"Lubbock",NA,NA,NA,NA,NA,NA,NA,2025,8,"TX","Lubbock,TX","City","Lubbock,TX,City"
"Midland",NA,NA,NA,NA,NA,NA,NA,2024,12,"TX","Midland,TX","City","Midland,TX,City"
"Midland",NA,NA,NA,NA,NA,NA,NA,2025,1,"TX","Midland,TX","City","Midland,TX,City"
"Midland",NA,NA,NA,NA,NA,NA,NA,2025,2,"TX","Midland,TX","City","Midland,TX,City"
"Midland",NA,NA,NA,NA,NA,NA,NA,2025,3,"TX","Midland,TX","City","Midland,TX,City"
"Midland",NA,NA,NA,NA,NA,NA,NA,2025,4,"TX","Midland,TX","City","Midland,TX,City"
"Midland",NA,NA,NA,NA,NA,NA,NA,2025,5,"TX","Midland,TX","City","Midland,TX,City"
"Midland",NA,NA,NA,NA,NA,NA,NA,2025,6,"TX","Midland,TX","City","Midland,TX,City"
"Midland",NA,NA,NA,NA,NA,NA,NA,2025,7,"TX","Midland,TX","City","Midland,TX,City"
"Midland",NA,NA,NA,NA,NA,NA,NA,2025,8,"TX","Midland,TX","City","Midland,TX,City"
"Mission",NA,NA,NA,NA,NA,NA,NA,2021,1,"TX","Mission,TX","City","Mission,TX,City"
"Mission",NA,NA,NA,NA,NA,NA,NA,2021,2,"TX","Mission,TX","City","Mission,TX,City"
"Mission",NA,NA,NA,NA,NA,NA,NA,2021,3,"TX","Mission,TX","City","Mission,TX,City"
"Mission",NA,NA,NA,NA,NA,NA,NA,2021,4,"TX","Mission,TX","City","Mission,TX,City"
"Mission",NA,NA,NA,NA,NA,NA,NA,2021,5,"TX","Mission,TX","City","Mission,TX,City"
"Mission",NA,NA,NA,NA,NA,NA,NA,2021,6,"TX","Mission,TX","City","Mission,TX,City"
"Mission",NA,NA,NA,NA,NA,NA,NA,2021,7,"TX","Mission,TX","City","Mission,TX,City"
"Mission",NA,NA,NA,NA,NA,NA,NA,2021,8,"TX","Mission,TX","City","Mission,TX,City"
"Mission",NA,NA,NA,NA,NA,NA,NA,2021,9,"TX","Mission,TX","City","Mission,TX,City"
"Pasadena",NA,NA,NA,NA,NA,NA,NA,2025,6,"TX","Pasadena,TX","City","Pasadena,TX,City"
"Pasadena",NA,NA,NA,NA,NA,NA,NA,2025,7,"TX","Pasadena,TX","City","Pasadena,TX,City"
"Pasadena",NA,NA,NA,NA,NA,NA,NA,2025,8,"TX","Pasadena,TX","City","Pasadena,TX,City"
"Temple",NA,NA,NA,NA,NA,NA,NA,2025,2,"TX","Temple,TX","City","Temple,TX,City"
"Temple",NA,NA,NA,NA,NA,NA,NA,2025,3,"TX","Temple,TX","City","Temple,TX,City"
"Temple",NA,NA,NA,NA,NA,NA,NA,2025,4,"TX","Temple,TX","City","Temple,TX,City"
"Temple",NA,NA,NA,NA,NA,NA,NA,2025,5,"TX","Temple,TX","City","Temple,TX,City"
"Temple",NA,NA,NA,NA,NA,NA,NA,2025,6,"TX","Temple,TX","City","Temple,TX,City"
"Temple",NA,NA,NA,NA,NA,NA,NA,2025,7,"TX","Temple,TX","City","Temple,TX,City"
"Temple",NA,NA,NA,NA,NA,NA,NA,2025,8,"TX","Temple,TX","City","Temple,TX,City"
"Texas City",NA,NA,NA,NA,NA,NA,NA,2025,4,"TX","Texas City,TX","City","Texas City,TX,City"
"Texas City",NA,NA,NA,NA,NA,NA,NA,2025,5,"TX","Texas City,TX","City","Texas City,TX,City"
"Texas City",NA,NA,NA,NA,NA,NA,NA,2025,6,"TX","Texas City,TX","City","Texas City,TX,City"
"Texas City",NA,NA,NA,NA,NA,NA,NA,2025,7,"TX","Texas City,TX","City","Texas City,TX,City"
"Texas City",NA,NA,NA,NA,NA,NA,NA,2025,8,"TX","Texas City,TX","City","Texas City,TX,City"
"Appleton",NA,NA,NA,NA,NA,NA,NA,2025,6,"WI","Appleton,WI","City","Appleton,WI,City"
"Appleton",NA,NA,NA,NA,NA,NA,NA,2025,7,"WI","Appleton,WI","City","Appleton,WI,City"
"Madison",NA,NA,NA,NA,NA,NA,NA,2025,7,"WI","Madison,WI","City","Madison,WI,City"
"Racine",NA,NA,NA,NA,NA,NA,NA,2025,7,"WI","Racine,WI","City","Racine,WI,City"
"Adams",NA,NA,NA,NA,NA,NA,NA,2025,7,"CO","Adams,CO","County","Adams,CO,County"
"Adams",NA,NA,NA,NA,NA,NA,NA,2025,8,"CO","Adams,CO","County","Adams,CO,County"
"Beaufort",NA,NA,NA,NA,NA,NA,NA,2025,8,"SC","Beaufort,SC","County","Beaufort,SC,County"
"Beaufort",NA,NA,NA,NA,NA,NA,NA,2025,7,"SC","Beaufort,SC","County","Beaufort,SC,County"
"Bexar",NA,NA,NA,NA,NA,NA,NA,2025,3,"TX","Bexar,TX","County","Bexar,TX,County"
"Bexar",NA,NA,NA,NA,NA,NA,NA,2025,4,"TX","Bexar,TX","County","Bexar,TX,County"
"Bexar",NA,NA,NA,NA,NA,NA,NA,2025,5,"TX","Bexar,TX","County","Bexar,TX,County"
"Bexar",NA,NA,NA,NA,NA,NA,NA,2025,6,"TX","Bexar,TX","County","Bexar,TX,County"
"Bexar",NA,NA,NA,NA,NA,NA,NA,2025,7,"TX","Bexar,TX","County","Bexar,TX,County"
"Bexar",NA,NA,NA,NA,NA,NA,NA,2025,8,"TX","Bexar,TX","County","Bexar,TX,County"
"Clackamas",NA,NA,NA,NA,NA,NA,NA,2025,7,"OR","Clackamas,OR","County","Clackamas,OR,County"
"Davidson",NA,NA,NA,NA,NA,NA,NA,2019,4,"NC","Davidson,NC","County","Davidson,NC,County"
"Davidson",NA,NA,NA,NA,NA,NA,NA,2019,5,"NC","Davidson,NC","County","Davidson,NC,County"
"Davidson",NA,NA,NA,NA,NA,NA,NA,2019,6,"NC","Davidson,NC","County","Davidson,NC,County"
"Davidson",NA,NA,NA,NA,NA,NA,NA,2019,1,"NC","Davidson,NC","County","Davidson,NC,County"
"Davidson",NA,NA,NA,NA,NA,NA,NA,2019,2,"NC","Davidson,NC","County","Davidson,NC,County"
"Davidson",NA,NA,NA,NA,NA,NA,NA,2024,2,"NC","Davidson,NC","County","Davidson,NC,County"
"Davidson",NA,NA,NA,NA,NA,NA,NA,2024,3,"NC","Davidson,NC","County","Davidson,NC,County"
"Davidson",NA,NA,NA,NA,NA,NA,NA,2024,4,"NC","Davidson,NC","County","Davidson,NC,County"
"Davidson",NA,NA,NA,NA,NA,NA,NA,2024,5,"NC","Davidson,NC","County","Davidson,NC,County"
"Davidson",NA,NA,NA,NA,NA,NA,NA,2024,6,"NC","Davidson,NC","County","Davidson,NC,County"
"Davidson",NA,NA,NA,NA,NA,NA,NA,2024,7,"NC","Davidson,NC","County","Davidson,NC,County"
"Davidson",NA,NA,NA,NA,NA,NA,NA,2024,8,"NC","Davidson,NC","County","Davidson,NC,County"
"Davidson",NA,NA,NA,NA,NA,NA,NA,2019,3,"NC","Davidson,NC","County","Davidson,NC,County"
"Davidson",NA,NA,NA,NA,NA,NA,NA,2024,10,"NC","Davidson,NC","County","Davidson,NC,County"
"Davidson",NA,NA,NA,NA,NA,NA,NA,2024,11,"NC","Davidson,NC","County","Davidson,NC,County"
"Davidson",NA,NA,NA,NA,NA,NA,NA,2024,12,"NC","Davidson,NC","County","Davidson,NC,County"
"Davidson",NA,NA,NA,NA,NA,NA,NA,2025,8,"NC","Davidson,NC","County","Davidson,NC,County"
"Davidson",NA,NA,NA,NA,NA,NA,NA,2024,9,"NC","Davidson,NC","County","Davidson,NC,County"
"Davidson",NA,NA,NA,NA,NA,NA,NA,2019,11,"NC","Davidson,NC","County","Davidson,NC,County"
"Davidson",NA,NA,NA,NA,NA,NA,NA,2019,12,"NC","Davidson,NC","County","Davidson,NC,County"
"Fairfax",NA,NA,NA,NA,NA,NA,NA,2025,8,"VA","Fairfax,VA","County","Fairfax,VA,County"
"Kalamazoo",NA,NA,NA,NA,NA,NA,NA,2025,8,"MI","Kalamazoo,MI","County","Kalamazoo,MI,County"
"Loudoun",NA,NA,NA,NA,NA,NA,NA,2025,8,"VA","Loudoun,VA","County","Loudoun,VA,County"
"Macomb",NA,NA,NA,NA,NA,NA,NA,2025,8,"MI","Macomb,MI","County","Macomb,MI,County"
"Nassau",NA,NA,NA,NA,NA,NA,NA,2025,5,"NY","Nassau,NY","County","Nassau,NY,County"
"Onslow",NA,NA,NA,NA,NA,NA,NA,2025,8,"NC","Onslow,NC","County","Onslow,NC,County"
"Ottawa",NA,NA,NA,NA,NA,NA,NA,2024,6,"MI","Ottawa,MI","County","Ottawa,MI,County"
"Ottawa",NA,NA,NA,NA,NA,NA,NA,2024,7,"MI","Ottawa,MI","County","Ottawa,MI,County"
"Ottawa",NA,NA,NA,NA,NA,NA,NA,2024,8,"MI","Ottawa,MI","County","Ottawa,MI,County"
"Ottawa",NA,NA,NA,NA,NA,NA,NA,2024,9,"MI","Ottawa,MI","County","Ottawa,MI,County"
"Ottawa",NA,NA,NA,NA,NA,NA,NA,2024,10,"MI","Ottawa,MI","County","Ottawa,MI,County"
"Ottawa",NA,NA,NA,NA,NA,NA,NA,2024,11,"MI","Ottawa,MI","County","Ottawa,MI,County"
"Ottawa",NA,NA,NA,NA,NA,NA,NA,2024,12,"MI","Ottawa,MI","County","Ottawa,MI,County"
"Ottawa",NA,NA,NA,NA,NA,NA,NA,2025,1,"MI","Ottawa,MI","County","Ottawa,MI,County"
"Ottawa",NA,NA,NA,NA,NA,NA,NA,2025,2,"MI","Ottawa,MI","County","Ottawa,MI,County"
"Ottawa",NA,NA,NA,NA,NA,NA,NA,2025,4,"MI","Ottawa,MI","County","Ottawa,MI,County"
"Ottawa",NA,NA,NA,NA,NA,NA,NA,2025,5,"MI","Ottawa,MI","County","Ottawa,MI,County"
"Ottawa",NA,NA,NA,NA,NA,NA,NA,2025,6,"MI","Ottawa,MI","County","Ottawa,MI,County"
"Ottawa",NA,NA,NA,NA,NA,NA,NA,2025,7,"MI","Ottawa,MI","County","Ottawa,MI,County"
"Ottawa",NA,NA,NA,NA,NA,NA,NA,2025,8,"MI","Ottawa,MI","County","Ottawa,MI,County"
"Prince William",NA,NA,NA,NA,NA,NA,NA,2025,8,"VA","Prince William,VA","County","Prince William,VA,County"
"Sacramento",NA,NA,NA,NA,NA,NA,NA,2025,8,"CA","Sacramento,CA","County","Sacramento,CA,County"
"Saratoga",NA,NA,NA,NA,NA,NA,NA,2025,8,"NY","Saratoga,NY","County","Saratoga,NY,County"
"St. Mary's",NA,NA,NA,NA,NA,NA,NA,2025,8,"MD","St. Mary's,MD","County","St. Mary's,MD,County"
"Stafford",NA,NA,NA,NA,NA,NA,NA,2025,7,"VA","Stafford,VA","County","Stafford,VA,County"
"Stafford",NA,NA,NA,NA,NA,NA,NA,2025,8,"VA","Stafford,VA","County","Stafford,VA,County"
"Union",NA,NA,NA,NA,NA,NA,NA,2025,6,"NC","Union,NC","County","Union,NC,County"
"Union",NA,NA,NA,NA,NA,NA,NA,2025,8,"NC","Union,NC","County","Union,NC,County"
