"Agency Name","Murder","Rape","Robbery","Aggravated Assault","Burglary","Theft","Motor Vehicle Theft","Year","Month","State","Type","Source","city_state","city_state_id","Agency_Type"
"Fort Smith",NA,NA,NA,NA,NA,NA,NA,2025,11,"AR","City","CDE","Fort Smith,AR","Fort Smith,AR,City","City"
"Flagstaff",NA,NA,NA,NA,NA,NA,NA,2025,3,"AZ","City","Scrape","Flagstaff,AZ","Flagstaff,AZ,City","City"
"Flagstaff",NA,NA,NA,NA,NA,NA,NA,2025,4,"AZ","City","Scrape","Flagstaff,AZ","Flagstaff,AZ,City","City"
"Flagstaff",NA,NA,NA,NA,NA,NA,NA,2025,5,"AZ","City","Scrape","Flagstaff,AZ","Flagstaff,AZ,City","City"
"Flagstaff",NA,NA,NA,NA,NA,NA,NA,2025,6,"AZ","City","Scrape","Flagstaff,AZ","Flagstaff,AZ,City","City"
"Flagstaff",NA,NA,NA,NA,NA,NA,NA,2025,7,"AZ","City","Scrape","Flagstaff,AZ","Flagstaff,AZ,City","City"
"Flagstaff",NA,NA,NA,NA,NA,NA,NA,2025,8,"AZ","City","Scrape","Flagstaff,AZ","Flagstaff,AZ,City","City"
"Flagstaff",NA,NA,NA,NA,NA,NA,NA,2025,9,"AZ","City","Scrape","Flagstaff,AZ","Flagstaff,AZ,City","City"
"Flagstaff",NA,NA,NA,NA,NA,NA,NA,2025,10,"AZ","City","Scrape","Flagstaff,AZ","Flagstaff,AZ,City","City"
"Flagstaff",NA,NA,NA,NA,NA,NA,NA,2025,11,"AZ","City","Scrape","Flagstaff,AZ","Flagstaff,AZ,City","City"
"Peoria",NA,NA,NA,NA,NA,NA,NA,2025,10,"AZ","City","Scrape","Peoria,AZ","Peoria,AZ,City","City"
"Peoria",NA,NA,NA,NA,NA,NA,NA,2025,11,"AZ","City","Scrape","Peoria,AZ","Peoria,AZ,City","City"
"Surprise",NA,NA,NA,NA,NA,NA,NA,2025,10,"AZ","City","Scrape","Surprise,AZ","Surprise,AZ,City","City"
"Surprise",NA,NA,NA,NA,NA,NA,NA,2025,11,"AZ","City","Scrape","Surprise,AZ","Surprise,AZ,City","City"
"Anaheim",NA,NA,NA,NA,NA,NA,NA,2025,11,"CA","City","CDE","Anaheim,CA","Anaheim,CA,City","City"
"Fremont",NA,NA,NA,NA,NA,NA,NA,2025,2,"CA","City","Manual","Fremont,CA","Fremont,CA,City","City"
"Fremont",NA,NA,NA,NA,NA,NA,NA,2025,3,"CA","City","Manual","Fremont,CA","Fremont,CA,City","City"
"Lakewood",NA,NA,NA,NA,NA,NA,NA,2025,10,"CO","City","Scrape","Lakewood,CO","Lakewood,CO,City","City"
"Lakewood",NA,NA,NA,NA,NA,NA,NA,2025,11,"CO","City","Scrape","Lakewood,CO","Lakewood,CO,City","City"
"Longmont",NA,NA,NA,NA,NA,NA,NA,2025,3,"CO","City","Scrape","Longmont,CO","Longmont,CO,City","City"
"Longmont",NA,NA,NA,NA,NA,NA,NA,2025,4,"CO","City","Scrape","Longmont,CO","Longmont,CO,City","City"
"Longmont",NA,NA,NA,NA,NA,NA,NA,2025,5,"CO","City","Scrape","Longmont,CO","Longmont,CO,City","City"
"Longmont",NA,NA,NA,NA,NA,NA,NA,2025,6,"CO","City","Scrape","Longmont,CO","Longmont,CO,City","City"
"Longmont",NA,NA,NA,NA,NA,NA,NA,2025,7,"CO","City","Scrape","Longmont,CO","Longmont,CO,City","City"
"Longmont",NA,NA,NA,NA,NA,NA,NA,2025,8,"CO","City","Scrape","Longmont,CO","Longmont,CO,City","City"
"Longmont",NA,NA,NA,NA,NA,NA,NA,2025,9,"CO","City","Scrape","Longmont,CO","Longmont,CO,City","City"
"Longmont",NA,NA,NA,NA,NA,NA,NA,2025,10,"CO","City","Scrape","Longmont,CO","Longmont,CO,City","City"
"Longmont",NA,NA,NA,NA,NA,NA,NA,2025,11,"CO","City","Scrape","Longmont,CO","Longmont,CO,City","City"
"Pueblo",NA,NA,NA,NA,NA,NA,NA,2025,3,"CO","City","Scrape","Pueblo,CO","Pueblo,CO,City","City"
"Pueblo",NA,NA,NA,NA,NA,NA,NA,2025,4,"CO","City","Scrape","Pueblo,CO","Pueblo,CO,City","City"
"Pueblo",NA,NA,NA,NA,NA,NA,NA,2025,5,"CO","City","Scrape","Pueblo,CO","Pueblo,CO,City","City"
"Pueblo",NA,NA,NA,NA,NA,NA,NA,2025,6,"CO","City","Scrape","Pueblo,CO","Pueblo,CO,City","City"
"Pueblo",NA,NA,NA,NA,NA,NA,NA,2025,7,"CO","City","Scrape","Pueblo,CO","Pueblo,CO,City","City"
"Pueblo",NA,NA,NA,NA,NA,NA,NA,2025,8,"CO","City","Scrape","Pueblo,CO","Pueblo,CO,City","City"
"Pueblo",NA,NA,NA,NA,NA,NA,NA,2025,9,"CO","City","Scrape","Pueblo,CO","Pueblo,CO,City","City"
"Pueblo",NA,NA,NA,NA,NA,NA,NA,2025,10,"CO","City","Scrape","Pueblo,CO","Pueblo,CO,City","City"
"Pueblo",NA,NA,NA,NA,NA,NA,NA,2025,11,"CO","City","Scrape","Pueblo,CO","Pueblo,CO,City","City"
"Greenwich",NA,NA,NA,NA,NA,NA,NA,2025,11,"CT","City","Scrape","Greenwich,CT","Greenwich,CT,City","City"
"Hamden",NA,NA,NA,NA,NA,NA,NA,2025,11,"CT","City","Scrape","Hamden,CT","Hamden,CT,City","City"
"Meriden",NA,NA,NA,NA,NA,NA,NA,2025,11,"CT","City","Scrape","Meriden,CT","Meriden,CT,City","City"
"Stratford",NA,NA,NA,NA,NA,NA,NA,2025,11,"CT","City","Scrape","Stratford,CT","Stratford,CT,City","City"
"Roswell",NA,NA,NA,NA,NA,NA,NA,2025,11,"GA","City","CDE","Roswell,GA","Roswell,GA,City","City"
"Nampa",NA,NA,NA,NA,NA,NA,NA,2025,11,"ID","City","Scrape","Nampa,ID","Nampa,ID,City","City"
"Evanston",NA,NA,NA,NA,NA,NA,NA,2025,11,"IL","City","Scrape","Evanston,IL","Evanston,IL,City","City"
"Normal",NA,NA,NA,NA,NA,NA,NA,2025,9,"IL","City","Scrape","Normal,IL","Normal,IL,City","City"
"Normal",NA,NA,NA,NA,NA,NA,NA,2025,10,"IL","City","Scrape","Normal,IL","Normal,IL,City","City"
"Normal",NA,NA,NA,NA,NA,NA,NA,2025,11,"IL","City","Scrape","Normal,IL","Normal,IL,City","City"
"Anderson",NA,NA,NA,NA,NA,NA,NA,2025,10,"IN","City","CDE","Anderson,IN","Anderson,IN,City","City"
"Anderson",NA,NA,NA,NA,NA,NA,NA,2025,11,"IN","City","CDE","Anderson,IN","Anderson,IN,City","City"
"Bloomington",NA,NA,NA,NA,NA,NA,NA,2025,6,"IN","City","CDE","Bloomington,IN","Bloomington,IN,City","City"
"Bloomington",NA,NA,NA,NA,NA,NA,NA,2025,7,"IN","City","CDE","Bloomington,IN","Bloomington,IN,City","City"
"Bloomington",NA,NA,NA,NA,NA,NA,NA,2025,8,"IN","City","CDE","Bloomington,IN","Bloomington,IN,City","City"
"Bloomington",NA,NA,NA,NA,NA,NA,NA,2025,9,"IN","City","CDE","Bloomington,IN","Bloomington,IN,City","City"
"Bloomington",NA,NA,NA,NA,NA,NA,NA,2025,10,"IN","City","CDE","Bloomington,IN","Bloomington,IN,City","City"
"Bloomington",NA,NA,NA,NA,NA,NA,NA,2025,11,"IN","City","CDE","Bloomington,IN","Bloomington,IN,City","City"
"Elkhart",NA,NA,NA,NA,NA,NA,NA,2025,11,"IN","City","CDE","Elkhart,IN","Elkhart,IN,City","City"
"Evansville",NA,NA,NA,NA,NA,NA,NA,2025,11,"IN","City","CDE","Evansville,IN","Evansville,IN,City","City"
"Hammond",NA,NA,NA,NA,NA,NA,NA,2025,3,"IN","City","CDE","Hammond,IN","Hammond,IN,City","City"
"Hammond",NA,NA,NA,NA,NA,NA,NA,2025,4,"IN","City","CDE","Hammond,IN","Hammond,IN,City","City"
"Hammond",NA,NA,NA,NA,NA,NA,NA,2025,5,"IN","City","CDE","Hammond,IN","Hammond,IN,City","City"
"Hammond",NA,NA,NA,NA,NA,NA,NA,2025,6,"IN","City","CDE","Hammond,IN","Hammond,IN,City","City"
"Hammond",NA,NA,NA,NA,NA,NA,NA,2025,7,"IN","City","CDE","Hammond,IN","Hammond,IN,City","City"
"Hammond",NA,NA,NA,NA,NA,NA,NA,2025,8,"IN","City","CDE","Hammond,IN","Hammond,IN,City","City"
"Hammond",NA,NA,NA,NA,NA,NA,NA,2025,9,"IN","City","CDE","Hammond,IN","Hammond,IN,City","City"
"Hammond",NA,NA,NA,NA,NA,NA,NA,2025,10,"IN","City","CDE","Hammond,IN","Hammond,IN,City","City"
"Hammond",NA,NA,NA,NA,NA,NA,NA,2025,11,"IN","City","CDE","Hammond,IN","Hammond,IN,City","City"
"Jeffersonville",NA,NA,NA,NA,NA,NA,NA,2025,4,"IN","City","CDE","Jeffersonville,IN","Jeffersonville,IN,City","City"
"Jeffersonville",NA,NA,NA,NA,NA,NA,NA,2025,5,"IN","City","CDE","Jeffersonville,IN","Jeffersonville,IN,City","City"
"Jeffersonville",NA,NA,NA,NA,NA,NA,NA,2025,6,"IN","City","CDE","Jeffersonville,IN","Jeffersonville,IN,City","City"
"Jeffersonville",NA,NA,NA,NA,NA,NA,NA,2025,7,"IN","City","CDE","Jeffersonville,IN","Jeffersonville,IN,City","City"
"Jeffersonville",NA,NA,NA,NA,NA,NA,NA,2025,8,"IN","City","CDE","Jeffersonville,IN","Jeffersonville,IN,City","City"
"Jeffersonville",NA,NA,NA,NA,NA,NA,NA,2025,9,"IN","City","CDE","Jeffersonville,IN","Jeffersonville,IN,City","City"
"Jeffersonville",NA,NA,NA,NA,NA,NA,NA,2025,10,"IN","City","CDE","Jeffersonville,IN","Jeffersonville,IN,City","City"
"Jeffersonville",NA,NA,NA,NA,NA,NA,NA,2025,11,"IN","City","CDE","Jeffersonville,IN","Jeffersonville,IN,City","City"
"Terre Haute",NA,NA,NA,NA,NA,NA,NA,2025,10,"IN","City","CDE","Terre Haute,IN","Terre Haute,IN,City","City"
"Terre Haute",NA,NA,NA,NA,NA,NA,NA,2025,11,"IN","City","CDE","Terre Haute,IN","Terre Haute,IN,City","City"
"Baton Rouge",NA,NA,NA,NA,NA,NA,NA,2025,5,"LA","City","Scrape","Baton Rouge,LA","Baton Rouge,LA,City","City"
"Baton Rouge",NA,NA,NA,NA,NA,NA,NA,2025,6,"LA","City","Scrape","Baton Rouge,LA","Baton Rouge,LA,City","City"
"Barnstable",NA,NA,NA,NA,NA,NA,NA,2025,10,"MA","City","Manual","Barnstable,MA","Barnstable,MA,City","City"
"Barnstable",NA,NA,NA,NA,NA,NA,NA,2025,11,"MA","City","Manual","Barnstable,MA","Barnstable,MA,City","City"
"Brookline",NA,NA,NA,NA,NA,NA,NA,2025,3,"MA","City","Manual","Brookline,MA","Brookline,MA,City","City"
"Brookline",NA,NA,NA,NA,NA,NA,NA,2025,4,"MA","City","Manual","Brookline,MA","Brookline,MA,City","City"
"Brookline",NA,NA,NA,NA,NA,NA,NA,2025,5,"MA","City","Manual","Brookline,MA","Brookline,MA,City","City"
"Brookline",NA,NA,NA,NA,NA,NA,NA,2025,6,"MA","City","Manual","Brookline,MA","Brookline,MA,City","City"
"Brookline",NA,NA,NA,NA,NA,NA,NA,2025,7,"MA","City","Manual","Brookline,MA","Brookline,MA,City","City"
"Brookline",NA,NA,NA,NA,NA,NA,NA,2025,8,"MA","City","Manual","Brookline,MA","Brookline,MA,City","City"
"Brookline",NA,NA,NA,NA,NA,NA,NA,2025,9,"MA","City","Manual","Brookline,MA","Brookline,MA,City","City"
"Brookline",NA,NA,NA,NA,NA,NA,NA,2025,10,"MA","City","Manual","Brookline,MA","Brookline,MA,City","City"
"Brookline",NA,NA,NA,NA,NA,NA,NA,2025,11,"MA","City","Manual","Brookline,MA","Brookline,MA,City","City"
"Framingham",NA,NA,NA,NA,NA,NA,NA,2025,9,"MA","City","Manual","Framingham,MA","Framingham,MA,City","City"
"Framingham",NA,NA,NA,NA,NA,NA,NA,2025,10,"MA","City","Manual","Framingham,MA","Framingham,MA,City","City"
"Framingham",NA,NA,NA,NA,NA,NA,NA,2025,11,"MA","City","Manual","Framingham,MA","Framingham,MA,City","City"
"Lowell",NA,NA,NA,NA,NA,NA,NA,2025,11,"MA","City","Manual","Lowell,MA","Lowell,MA,City","City"
"Newton",NA,NA,NA,NA,NA,NA,NA,2025,7,"MA","City","Manual","Newton,MA","Newton,MA,City","City"
"Newton",NA,NA,NA,NA,NA,NA,NA,2025,8,"MA","City","Manual","Newton,MA","Newton,MA,City","City"
"Newton",NA,NA,NA,NA,NA,NA,NA,2025,9,"MA","City","Manual","Newton,MA","Newton,MA,City","City"
"Newton",NA,NA,NA,NA,NA,NA,NA,2025,10,"MA","City","Manual","Newton,MA","Newton,MA,City","City"
"Newton",NA,NA,NA,NA,NA,NA,NA,2025,11,"MA","City","Manual","Newton,MA","Newton,MA,City","City"
"Peabody",NA,NA,NA,NA,NA,NA,NA,2025,2,"MA","City","Manual","Peabody,MA","Peabody,MA,City","City"
"Peabody",NA,NA,NA,NA,NA,NA,NA,2025,3,"MA","City","Manual","Peabody,MA","Peabody,MA,City","City"
"Peabody",NA,NA,NA,NA,NA,NA,NA,2025,4,"MA","City","Manual","Peabody,MA","Peabody,MA,City","City"
"Peabody",NA,NA,NA,NA,NA,NA,NA,2025,5,"MA","City","Manual","Peabody,MA","Peabody,MA,City","City"
"Peabody",NA,NA,NA,NA,NA,NA,NA,2025,6,"MA","City","Manual","Peabody,MA","Peabody,MA,City","City"
"Peabody",NA,NA,NA,NA,NA,NA,NA,2025,7,"MA","City","Manual","Peabody,MA","Peabody,MA,City","City"
"Peabody",NA,NA,NA,NA,NA,NA,NA,2025,8,"MA","City","Manual","Peabody,MA","Peabody,MA,City","City"
"Peabody",NA,NA,NA,NA,NA,NA,NA,2025,9,"MA","City","Manual","Peabody,MA","Peabody,MA,City","City"
"Peabody",NA,NA,NA,NA,NA,NA,NA,2025,10,"MA","City","Manual","Peabody,MA","Peabody,MA,City","City"
"Peabody",NA,NA,NA,NA,NA,NA,NA,2025,11,"MA","City","Manual","Peabody,MA","Peabody,MA,City","City"
"Plymouth",NA,NA,NA,NA,NA,NA,NA,2025,7,"MA","City","Manual","Plymouth,MA","Plymouth,MA,City","City"
"Plymouth",NA,NA,NA,NA,NA,NA,NA,2025,8,"MA","City","Manual","Plymouth,MA","Plymouth,MA,City","City"
"Plymouth",NA,NA,NA,NA,NA,NA,NA,2025,9,"MA","City","Manual","Plymouth,MA","Plymouth,MA,City","City"
"Plymouth",NA,NA,NA,NA,NA,NA,NA,2025,10,"MA","City","Manual","Plymouth,MA","Plymouth,MA,City","City"
"Plymouth",NA,NA,NA,NA,NA,NA,NA,2025,11,"MA","City","Manual","Plymouth,MA","Plymouth,MA,City","City"
"Somerville",NA,NA,NA,NA,NA,NA,NA,2025,11,"MA","City","Manual","Somerville,MA","Somerville,MA,City","City"
"Springfield",NA,NA,NA,NA,NA,NA,NA,2025,11,"MA","City","Manual","Springfield,MA","Springfield,MA,City","City"
"Worcester",NA,NA,NA,NA,NA,NA,NA,2025,1,"MA","City","Manual","Worcester,MA","Worcester,MA,City","City"
"Worcester",NA,NA,NA,NA,NA,NA,NA,2025,2,"MA","City","Manual","Worcester,MA","Worcester,MA,City","City"
"Worcester",NA,NA,NA,NA,NA,NA,NA,2025,3,"MA","City","Manual","Worcester,MA","Worcester,MA,City","City"
"Worcester",NA,NA,NA,NA,NA,NA,NA,2025,4,"MA","City","Manual","Worcester,MA","Worcester,MA,City","City"
"Worcester",NA,NA,NA,NA,NA,NA,NA,2025,5,"MA","City","Manual","Worcester,MA","Worcester,MA,City","City"
"Worcester",NA,NA,NA,NA,NA,NA,NA,2025,6,"MA","City","Manual","Worcester,MA","Worcester,MA,City","City"
"Worcester",NA,NA,NA,NA,NA,NA,NA,2025,7,"MA","City","Manual","Worcester,MA","Worcester,MA,City","City"
"Worcester",NA,NA,NA,NA,NA,NA,NA,2025,8,"MA","City","Manual","Worcester,MA","Worcester,MA,City","City"
"Worcester",NA,NA,NA,NA,NA,NA,NA,2025,9,"MA","City","Manual","Worcester,MA","Worcester,MA,City","City"
"Worcester",NA,NA,NA,NA,NA,NA,NA,2025,10,"MA","City","Manual","Worcester,MA","Worcester,MA,City","City"
"Worcester",NA,NA,NA,NA,NA,NA,NA,2025,11,"MA","City","Manual","Worcester,MA","Worcester,MA,City","City"
"Howard",NA,NA,NA,NA,NA,NA,NA,2025,7,"MD","County","CDE","Howard,MD","Howard,MD,County","County"
"Howard",NA,NA,NA,NA,NA,NA,NA,2025,8,"MD","County","CDE","Howard,MD","Howard,MD,County","County"
"Howard",NA,NA,NA,NA,NA,NA,NA,2025,9,"MD","County","CDE","Howard,MD","Howard,MD,County","County"
"Howard",NA,NA,NA,NA,NA,NA,NA,2025,10,"MD","County","CDE","Howard,MD","Howard,MD,County","County"
"Howard",NA,NA,NA,NA,NA,NA,NA,2025,11,"MD","County","CDE","Howard,MD","Howard,MD,County","County"
"Kentwood",NA,NA,NA,NA,NA,NA,NA,2025,3,"MI","City","CDE","Kentwood,MI","Kentwood,MI,City","City"
"Kentwood",NA,NA,NA,NA,NA,NA,NA,2025,4,"MI","City","CDE","Kentwood,MI","Kentwood,MI,City","City"
"Kentwood",NA,NA,NA,NA,NA,NA,NA,2025,5,"MI","City","CDE","Kentwood,MI","Kentwood,MI,City","City"
"Kentwood",NA,NA,NA,NA,NA,NA,NA,2025,6,"MI","City","CDE","Kentwood,MI","Kentwood,MI,City","City"
"Kentwood",NA,NA,NA,NA,NA,NA,NA,2025,7,"MI","City","CDE","Kentwood,MI","Kentwood,MI,City","City"
"Kentwood",NA,NA,NA,NA,NA,NA,NA,2025,8,"MI","City","CDE","Kentwood,MI","Kentwood,MI,City","City"
"Kentwood",NA,NA,NA,NA,NA,NA,NA,2025,9,"MI","City","CDE","Kentwood,MI","Kentwood,MI,City","City"
"Kentwood",NA,NA,NA,NA,NA,NA,NA,2025,10,"MI","City","CDE","Kentwood,MI","Kentwood,MI,City","City"
"Kentwood",NA,NA,NA,NA,NA,NA,NA,2025,11,"MI","City","CDE","Kentwood,MI","Kentwood,MI,City","City"
"Lansing",NA,NA,NA,NA,NA,NA,NA,2025,5,"MI","City","CDE","Lansing,MI","Lansing,MI,City","City"
"Lansing",NA,NA,NA,NA,NA,NA,NA,2025,6,"MI","City","CDE","Lansing,MI","Lansing,MI,City","City"
"Lansing",NA,NA,NA,NA,NA,NA,NA,2025,7,"MI","City","CDE","Lansing,MI","Lansing,MI,City","City"
"Lansing",NA,NA,NA,NA,NA,NA,NA,2025,8,"MI","City","CDE","Lansing,MI","Lansing,MI,City","City"
"Lansing",NA,NA,NA,NA,NA,NA,NA,2025,9,"MI","City","CDE","Lansing,MI","Lansing,MI,City","City"
"Lansing",NA,NA,NA,NA,NA,NA,NA,2025,10,"MI","City","CDE","Lansing,MI","Lansing,MI,City","City"
"Lansing",NA,NA,NA,NA,NA,NA,NA,2025,11,"MI","City","CDE","Lansing,MI","Lansing,MI,City","City"
"Ottawa",NA,NA,NA,NA,NA,NA,NA,2025,9,"MI","County","CDE","Ottawa,MI","Ottawa,MI,County","County"
"Ottawa",NA,NA,NA,NA,NA,NA,NA,2025,10,"MI","County","CDE","Ottawa,MI","Ottawa,MI,County","County"
"Ottawa",NA,NA,NA,NA,NA,NA,NA,2025,11,"MI","County","CDE","Ottawa,MI","Ottawa,MI,County","County"
"Florissant",NA,NA,NA,NA,NA,NA,NA,2025,4,"MO","City","Scrape","Florissant,MO","Florissant,MO,City","City"
"Florissant",NA,NA,NA,NA,NA,NA,NA,2025,9,"MO","City","Scrape","Florissant,MO","Florissant,MO,City","City"
"Florissant",NA,NA,NA,NA,NA,NA,NA,2025,10,"MO","City","Scrape","Florissant,MO","Florissant,MO,City","City"
"Florissant",NA,NA,NA,NA,NA,NA,NA,2025,11,"MO","City","Scrape","Florissant,MO","Florissant,MO,City","City"
"Joplin",NA,NA,NA,NA,NA,NA,NA,2025,11,"MO","City","Scrape","Joplin,MO","Joplin,MO,City","City"
"Springfield",NA,NA,NA,NA,NA,NA,NA,2025,11,"MO","City","Scrape","Springfield,MO","Springfield,MO,City","City"
"Apex",NA,NA,NA,NA,NA,NA,NA,2025,6,"NC","City","Manual","Apex,NC","Apex,NC,City","City"
"Apex",NA,NA,NA,NA,NA,NA,NA,2025,7,"NC","City","Manual","Apex,NC","Apex,NC,City","City"
"Apex",NA,NA,NA,NA,NA,NA,NA,2025,8,"NC","City","Manual","Apex,NC","Apex,NC,City","City"
"Apex",NA,NA,NA,NA,NA,NA,NA,2025,9,"NC","City","Manual","Apex,NC","Apex,NC,City","City"
"Apex",NA,NA,NA,NA,NA,NA,NA,2025,10,"NC","City","Manual","Apex,NC","Apex,NC,City","City"
"Apex",NA,NA,NA,NA,NA,NA,NA,2025,11,"NC","City","Manual","Apex,NC","Apex,NC,City","City"
"Greensboro",NA,NA,NA,NA,NA,NA,NA,2025,10,"NC","City","Manual","Greensboro,NC","Greensboro,NC,City","City"
"Greensboro",NA,NA,NA,NA,NA,NA,NA,2025,11,"NC","City","Manual","Greensboro,NC","Greensboro,NC,City","City"
"Grand Forks",NA,NA,NA,NA,NA,NA,NA,2025,11,"ND","City","Scrape","Grand Forks,ND","Grand Forks,ND,City","City"
"Nashua",NA,NA,NA,NA,NA,NA,NA,2025,2,"NH","City","Scrape","Nashua,NH","Nashua,NH,City","City"
"Hempstead Village",NA,NA,NA,NA,NA,NA,NA,2025,10,"NY","City","CDE","Hempstead Village,NY","Hempstead Village,NY,City","City"
"Hempstead Village",NA,NA,NA,NA,NA,NA,NA,2025,11,"NY","City","CDE","Hempstead Village,NY","Hempstead Village,NY,City","City"
"Nassau",NA,NA,NA,NA,NA,NA,NA,2025,5,"NY","County","CDE","Nassau,NY","Nassau,NY,County","County"
"Cleveland",NA,NA,NA,NA,NA,NA,NA,2025,11,"OH","City","Manual","Cleveland,OH","Cleveland,OH,City","City"
"Columbus",NA,NA,NA,NA,NA,NA,NA,2025,11,"OH","City","Manual","Columbus,OH","Columbus,OH,City","City"
"Hamilton",NA,NA,NA,NA,NA,NA,NA,2025,10,"OH","City","Manual","Hamilton,OH","Hamilton,OH,City","City"
"Hamilton",NA,NA,NA,NA,NA,NA,NA,2025,11,"OH","City","Manual","Hamilton,OH","Hamilton,OH,City","City"
"Middletown",NA,NA,NA,NA,NA,NA,NA,2025,8,"OH","City","Manual","Middletown,OH","Middletown,OH,City","City"
"Middletown",NA,NA,NA,NA,NA,NA,NA,2025,9,"OH","City","Manual","Middletown,OH","Middletown,OH,City","City"
"Middletown",NA,NA,NA,NA,NA,NA,NA,2025,10,"OH","City","Manual","Middletown,OH","Middletown,OH,City","City"
"Middletown",NA,NA,NA,NA,NA,NA,NA,2025,11,"OH","City","Manual","Middletown,OH","Middletown,OH,City","City"
"Parma",NA,NA,NA,NA,NA,NA,NA,2025,11,"OH","City","Manual","Parma,OH","Parma,OH,City","City"
"Toledo",NA,NA,NA,NA,NA,NA,NA,2025,9,"OH","City","Manual","Toledo,OH","Toledo,OH,City","City"
"Toledo",NA,NA,NA,NA,NA,NA,NA,2025,10,"OH","City","Manual","Toledo,OH","Toledo,OH,City","City"
"Toledo",NA,NA,NA,NA,NA,NA,NA,2025,11,"OH","City","Manual","Toledo,OH","Toledo,OH,City","City"
"Youngstown",NA,NA,NA,NA,NA,NA,NA,2025,6,"OH","City","Manual","Youngstown,OH","Youngstown,OH,City","City"
"Youngstown",NA,NA,NA,NA,NA,NA,NA,2025,7,"OH","City","Manual","Youngstown,OH","Youngstown,OH,City","City"
"Youngstown",NA,NA,NA,NA,NA,NA,NA,2025,8,"OH","City","Manual","Youngstown,OH","Youngstown,OH,City","City"
"Youngstown",NA,NA,NA,NA,NA,NA,NA,2025,9,"OH","City","Manual","Youngstown,OH","Youngstown,OH,City","City"
"Youngstown",NA,NA,NA,NA,NA,NA,NA,2025,10,"OH","City","Manual","Youngstown,OH","Youngstown,OH,City","City"
"Youngstown",NA,NA,NA,NA,NA,NA,NA,2025,11,"OH","City","Manual","Youngstown,OH","Youngstown,OH,City","City"
"Albany",NA,NA,NA,NA,NA,NA,NA,2025,7,"OR","City","Scrape","Albany,OR","Albany,OR,City","City"
"Albany",NA,NA,NA,NA,NA,NA,NA,2025,8,"OR","City","Scrape","Albany,OR","Albany,OR,City","City"
"Albany",NA,NA,NA,NA,NA,NA,NA,2025,9,"OR","City","Scrape","Albany,OR","Albany,OR,City","City"
"Albany",NA,NA,NA,NA,NA,NA,NA,2025,10,"OR","City","Scrape","Albany,OR","Albany,OR,City","City"
"Albany",NA,NA,NA,NA,NA,NA,NA,2025,11,"OR","City","Scrape","Albany,OR","Albany,OR,City","City"
"Salem",NA,NA,NA,NA,NA,NA,NA,2025,11,"OR","City","Scrape","Salem,OR","Salem,OR,City","City"
"Haverford",NA,NA,NA,NA,NA,NA,NA,2025,10,"PA","City","Scrape","Haverford,PA","Haverford,PA,City","City"
"Haverford",NA,NA,NA,NA,NA,NA,NA,2025,11,"PA","City","Scrape","Haverford,PA","Haverford,PA,City","City"
"Beaufort",NA,NA,NA,NA,NA,NA,NA,2025,9,"SC","County","CDE","Beaufort,SC","Beaufort,SC,County","County"
"Beaufort",NA,NA,NA,NA,NA,NA,NA,2025,10,"SC","County","CDE","Beaufort,SC","Beaufort,SC,County","County"
"Beaufort",NA,NA,NA,NA,NA,NA,NA,2025,11,"SC","County","CDE","Beaufort,SC","Beaufort,SC,County","County"
"Horry",NA,NA,NA,NA,NA,NA,NA,2025,11,"SC","County","CDE","Horry,SC","Horry,SC,County","County"
"Bartlett",NA,NA,NA,NA,NA,NA,NA,2025,10,"TN","City","CDE","Bartlett,TN","Bartlett,TN,City","City"
"Bartlett",NA,NA,NA,NA,NA,NA,NA,2025,11,"TN","City","CDE","Bartlett,TN","Bartlett,TN,City","City"
"Hamilton",NA,NA,NA,NA,NA,NA,NA,2025,11,"TN","County","CDE","Hamilton,TN","Hamilton,TN,County","County"
"Murfreesboro",NA,NA,NA,NA,NA,NA,NA,2025,11,"TN","City","CDE","Murfreesboro,TN","Murfreesboro,TN,City","City"
"Shelby",NA,NA,NA,NA,NA,NA,NA,2025,11,"TN","County","CDE","Shelby,TN","Shelby,TN,County","County"
"Bexar",NA,NA,NA,NA,NA,NA,NA,2025,10,"TX","County","Scrape","Bexar,TX","Bexar,TX,County","County"
"Bexar",NA,NA,NA,NA,NA,NA,NA,2025,11,"TX","County","Scrape","Bexar,TX","Bexar,TX,County","County"
"Desoto",NA,NA,NA,NA,NA,NA,NA,2025,11,"TX","City","Scrape","Desoto,TX","Desoto,TX,City","City"
"Harris",NA,NA,NA,NA,NA,NA,NA,2025,11,"TX","County","Scrape","Harris,TX","Harris,TX,County","County"
"Midland",NA,NA,NA,NA,NA,NA,NA,2025,11,"TX","City","Scrape","Midland,TX","Midland,TX,City","City"
"Missouri City",NA,NA,NA,NA,NA,NA,NA,2025,11,"TX","City","Scrape","Missouri City,TX","Missouri City,TX,City","City"
"Temple",NA,NA,NA,NA,NA,NA,NA,2025,2,"TX","City","Scrape","Temple,TX","Temple,TX,City","City"
"Temple",NA,NA,NA,NA,NA,NA,NA,2025,3,"TX","City","Scrape","Temple,TX","Temple,TX,City","City"
"Temple",NA,NA,NA,NA,NA,NA,NA,2025,4,"TX","City","Scrape","Temple,TX","Temple,TX,City","City"
"Temple",NA,NA,NA,NA,NA,NA,NA,2025,5,"TX","City","Scrape","Temple,TX","Temple,TX,City","City"
"Temple",NA,NA,NA,NA,NA,NA,NA,2025,6,"TX","City","Scrape","Temple,TX","Temple,TX,City","City"
"Temple",NA,NA,NA,NA,NA,NA,NA,2025,7,"TX","City","Scrape","Temple,TX","Temple,TX,City","City"
"Temple",NA,NA,NA,NA,NA,NA,NA,2025,8,"TX","City","Scrape","Temple,TX","Temple,TX,City","City"
"Temple",NA,NA,NA,NA,NA,NA,NA,2025,9,"TX","City","Scrape","Temple,TX","Temple,TX,City","City"
"Temple",NA,NA,NA,NA,NA,NA,NA,2025,10,"TX","City","Scrape","Temple,TX","Temple,TX,City","City"
"Temple",NA,NA,NA,NA,NA,NA,NA,2025,11,"TX","City","Scrape","Temple,TX","Temple,TX,City","City"
"Sandy",NA,NA,NA,NA,NA,NA,NA,2025,10,"UT","City","CDE","Sandy,UT","Sandy,UT,City","City"
"Sandy",NA,NA,NA,NA,NA,NA,NA,2025,11,"UT","City","CDE","Sandy,UT","Sandy,UT,City","City"
"Spokane Valley",NA,NA,NA,NA,NA,NA,NA,2025,11,"WA","City","CDE","Spokane Valley,WA","Spokane Valley,WA,City","City"
"Yakima",NA,NA,NA,NA,NA,NA,NA,2025,10,"WA","City","CDE","Yakima,WA","Yakima,WA,City","City"
"Yakima",NA,NA,NA,NA,NA,NA,NA,2025,11,"WA","City","CDE","Yakima,WA","Yakima,WA,City","City"
"Eau Claire",NA,NA,NA,NA,NA,NA,NA,2025,11,"WI","City","Manual","Eau Claire,WI","Eau Claire,WI,City","City"
"Janesville",NA,NA,NA,NA,NA,NA,NA,2025,11,"WI","City","Manual","Janesville,WI","Janesville,WI,City","City"
"La Crosse",NA,NA,NA,NA,NA,NA,NA,2025,11,"WI","City","Manual","La Crosse,WI","La Crosse,WI,City","City"
"Waukesha",NA,NA,NA,NA,NA,NA,NA,2025,11,"WI","City","Manual","Waukesha,WI","Waukesha,WI,City","City"
"West Allis",NA,NA,NA,NA,NA,NA,NA,2025,11,"WI","City","Manual","West Allis,WI","West Allis,WI,City","City"
"Apex",NA,NA,NA,NA,NA,NA,NA,2024,6,"NC","City","Manual","Apex,NC","Apex,NC,City","City"
"Apex",NA,NA,NA,NA,NA,NA,NA,2024,7,"NC","City","Manual","Apex,NC","Apex,NC,City","City"
"Apex",NA,NA,NA,NA,NA,NA,NA,2024,8,"NC","City","Manual","Apex,NC","Apex,NC,City","City"
"Apex",NA,NA,NA,NA,NA,NA,NA,2024,9,"NC","City","Manual","Apex,NC","Apex,NC,City","City"
"Apex",NA,NA,NA,NA,NA,NA,NA,2024,10,"NC","City","Manual","Apex,NC","Apex,NC,City","City"
"Apex",NA,NA,NA,NA,NA,NA,NA,2024,11,"NC","City","Manual","Apex,NC","Apex,NC,City","City"
"Apex",NA,NA,NA,NA,NA,NA,NA,2024,12,"NC","City","Manual","Apex,NC","Apex,NC,City","City"
"Davidson",NA,NA,NA,NA,NA,NA,NA,2024,2,"NC","County","Manual","Davidson,NC","Davidson,NC,County","County"
"Davidson",NA,NA,NA,NA,NA,NA,NA,2024,3,"NC","County","Manual","Davidson,NC","Davidson,NC,County","County"
"Davidson",NA,NA,NA,NA,NA,NA,NA,2024,4,"NC","County","Manual","Davidson,NC","Davidson,NC,County","County"
"Davidson",NA,NA,NA,NA,NA,NA,NA,2024,5,"NC","County","Manual","Davidson,NC","Davidson,NC,County","County"
"Davidson",NA,NA,NA,NA,NA,NA,NA,2024,6,"NC","County","Manual","Davidson,NC","Davidson,NC,County","County"
"Davidson",NA,NA,NA,NA,NA,NA,NA,2024,7,"NC","County","Manual","Davidson,NC","Davidson,NC,County","County"
"Davidson",NA,NA,NA,NA,NA,NA,NA,2024,8,"NC","County","Manual","Davidson,NC","Davidson,NC,County","County"
"Davidson",NA,NA,NA,NA,NA,NA,NA,2024,9,"NC","County","Manual","Davidson,NC","Davidson,NC,County","County"
"Davidson",NA,NA,NA,NA,NA,NA,NA,2024,10,"NC","County","Manual","Davidson,NC","Davidson,NC,County","County"
"Davidson",NA,NA,NA,NA,NA,NA,NA,2024,11,"NC","County","Manual","Davidson,NC","Davidson,NC,County","County"
"Davidson",NA,NA,NA,NA,NA,NA,NA,2024,12,"NC","County","Manual","Davidson,NC","Davidson,NC,County","County"
"Jacksonville",NA,NA,NA,NA,NA,NA,NA,2024,11,"NC","City","Manual","Jacksonville,NC","Jacksonville,NC,City","City"
"Jacksonville",NA,NA,NA,NA,NA,NA,NA,2024,12,"NC","City","Manual","Jacksonville,NC","Jacksonville,NC,City","City"
"Muncie",NA,NA,NA,NA,NA,NA,NA,2024,9,"IN","City",NA,"Muncie,IN","Muncie,IN,City","City"
"Muncie",NA,NA,NA,NA,NA,NA,NA,2024,10,"IN","City",NA,"Muncie,IN","Muncie,IN,City","City"
"Muncie",NA,NA,NA,NA,NA,NA,NA,2024,11,"IN","City",NA,"Muncie,IN","Muncie,IN,City","City"
"Muncie",NA,NA,NA,NA,NA,NA,NA,2024,12,"IN","City",NA,"Muncie,IN","Muncie,IN,City","City"
"Ottawa",NA,NA,NA,NA,NA,NA,NA,2024,6,"MI","County",NA,"Ottawa,MI","Ottawa,MI,County","County"
"Ottawa",NA,NA,NA,NA,NA,NA,NA,2024,7,"MI","County",NA,"Ottawa,MI","Ottawa,MI,County","County"
"Ottawa",NA,NA,NA,NA,NA,NA,NA,2024,8,"MI","County",NA,"Ottawa,MI","Ottawa,MI,County","County"
"Ottawa",NA,NA,NA,NA,NA,NA,NA,2024,9,"MI","County",NA,"Ottawa,MI","Ottawa,MI,County","County"
"Ottawa",NA,NA,NA,NA,NA,NA,NA,2024,10,"MI","County",NA,"Ottawa,MI","Ottawa,MI,County","County"
"Ottawa",NA,NA,NA,NA,NA,NA,NA,2024,11,"MI","County",NA,"Ottawa,MI","Ottawa,MI,County","County"
"Ottawa",NA,NA,NA,NA,NA,NA,NA,2024,12,"MI","County",NA,"Ottawa,MI","Ottawa,MI,County","County"
"Worcester",NA,NA,NA,NA,NA,NA,NA,2024,1,"MA","City",NA,"Worcester,MA","Worcester,MA,City","City"
"Worcester",NA,NA,NA,NA,NA,NA,NA,2024,2,"MA","City",NA,"Worcester,MA","Worcester,MA,City","City"
"Worcester",NA,NA,NA,NA,NA,NA,NA,2024,3,"MA","City",NA,"Worcester,MA","Worcester,MA,City","City"
"Worcester",NA,NA,NA,NA,NA,NA,NA,2024,4,"MA","City",NA,"Worcester,MA","Worcester,MA,City","City"
"Worcester",NA,NA,NA,NA,NA,NA,NA,2024,5,"MA","City",NA,"Worcester,MA","Worcester,MA,City","City"
"Worcester",NA,NA,NA,NA,NA,NA,NA,2024,6,"MA","City",NA,"Worcester,MA","Worcester,MA,City","City"
"Worcester",NA,NA,NA,NA,NA,NA,NA,2024,7,"MA","City",NA,"Worcester,MA","Worcester,MA,City","City"
"Worcester",NA,NA,NA,NA,NA,NA,NA,2024,8,"MA","City",NA,"Worcester,MA","Worcester,MA,City","City"
"Worcester",NA,NA,NA,NA,NA,NA,NA,2024,9,"MA","City",NA,"Worcester,MA","Worcester,MA,City","City"
"Worcester",NA,NA,NA,NA,NA,NA,NA,2024,10,"MA","City",NA,"Worcester,MA","Worcester,MA,City","City"
"Worcester",NA,NA,NA,NA,NA,NA,NA,2024,11,"MA","City",NA,"Worcester,MA","Worcester,MA,City","City"
"Worcester",NA,NA,NA,NA,NA,NA,NA,2024,12,"MA","City",NA,"Worcester,MA","Worcester,MA,City","City"
"Lowell",NA,NA,NA,NA,NA,NA,NA,2023,3,"MA","City",NA,"Lowell,MA","Lowell,MA,City","City"
"Lowell",NA,NA,NA,NA,NA,NA,NA,2023,10,"MA","City",NA,"Lowell,MA","Lowell,MA,City","City"
"Lowell",NA,NA,NA,NA,NA,NA,NA,2023,11,"MA","City",NA,"Lowell,MA","Lowell,MA,City","City"
"Lowell",NA,NA,NA,NA,NA,NA,NA,2023,12,"MA","City",NA,"Lowell,MA","Lowell,MA,City","City"
"Worcester",NA,NA,NA,NA,NA,NA,NA,2023,8,"MA","City",NA,"Worcester,MA","Worcester,MA,City","City"
"Worcester",NA,NA,NA,NA,NA,NA,NA,2023,9,"MA","City",NA,"Worcester,MA","Worcester,MA,City","City"
"Worcester",NA,NA,NA,NA,NA,NA,NA,2023,10,"MA","City",NA,"Worcester,MA","Worcester,MA,City","City"
"Worcester",NA,NA,NA,NA,NA,NA,NA,2023,11,"MA","City",NA,"Worcester,MA","Worcester,MA,City","City"
"Worcester",NA,NA,NA,NA,NA,NA,NA,2023,12,"MA","City",NA,"Worcester,MA","Worcester,MA,City","City"
"Cuyahoga Falls",NA,NA,NA,NA,NA,NA,NA,2021,1,"OH","City",NA,"Cuyahoga Falls,OH","Cuyahoga Falls,OH,City","City"
"Cuyahoga Falls",NA,NA,NA,NA,NA,NA,NA,2021,2,"OH","City",NA,"Cuyahoga Falls,OH","Cuyahoga Falls,OH,City","City"
"Cuyahoga Falls",NA,NA,NA,NA,NA,NA,NA,2021,3,"OH","City",NA,"Cuyahoga Falls,OH","Cuyahoga Falls,OH,City","City"
"Cuyahoga Falls",NA,NA,NA,NA,NA,NA,NA,2021,4,"OH","City",NA,"Cuyahoga Falls,OH","Cuyahoga Falls,OH,City","City"
"Cuyahoga Falls",NA,NA,NA,NA,NA,NA,NA,2021,5,"OH","City",NA,"Cuyahoga Falls,OH","Cuyahoga Falls,OH,City","City"
"Cuyahoga Falls",NA,NA,NA,NA,NA,NA,NA,2021,6,"OH","City",NA,"Cuyahoga Falls,OH","Cuyahoga Falls,OH,City","City"
"Cuyahoga Falls",NA,NA,NA,NA,NA,NA,NA,2021,7,"OH","City",NA,"Cuyahoga Falls,OH","Cuyahoga Falls,OH,City","City"
"Cuyahoga Falls",NA,NA,NA,NA,NA,NA,NA,2021,8,"OH","City",NA,"Cuyahoga Falls,OH","Cuyahoga Falls,OH,City","City"
"Cuyahoga Falls",NA,NA,NA,NA,NA,NA,NA,2021,9,"OH","City",NA,"Cuyahoga Falls,OH","Cuyahoga Falls,OH,City","City"
"Cuyahoga Falls",NA,NA,NA,NA,NA,NA,NA,2021,10,"OH","City",NA,"Cuyahoga Falls,OH","Cuyahoga Falls,OH,City","City"
"Cuyahoga Falls",NA,NA,NA,NA,NA,NA,NA,2021,11,"OH","City",NA,"Cuyahoga Falls,OH","Cuyahoga Falls,OH,City","City"
"Cuyahoga Falls",NA,NA,NA,NA,NA,NA,NA,2021,12,"OH","City",NA,"Cuyahoga Falls,OH","Cuyahoga Falls,OH,City","City"
"Kettering",NA,NA,NA,NA,NA,NA,NA,2021,1,"OH","City",NA,"Kettering,OH","Kettering,OH,City","City"
"Kettering",NA,NA,NA,NA,NA,NA,NA,2021,2,"OH","City",NA,"Kettering,OH","Kettering,OH,City","City"
"Kettering",NA,NA,NA,NA,NA,NA,NA,2021,3,"OH","City",NA,"Kettering,OH","Kettering,OH,City","City"
"Kettering",NA,NA,NA,NA,NA,NA,NA,2021,4,"OH","City",NA,"Kettering,OH","Kettering,OH,City","City"
"Kettering",NA,NA,NA,NA,NA,NA,NA,2021,5,"OH","City",NA,"Kettering,OH","Kettering,OH,City","City"
"Kettering",NA,NA,NA,NA,NA,NA,NA,2021,6,"OH","City",NA,"Kettering,OH","Kettering,OH,City","City"
"Kettering",NA,NA,NA,NA,NA,NA,NA,2021,7,"OH","City",NA,"Kettering,OH","Kettering,OH,City","City"
"Kettering",NA,NA,NA,NA,NA,NA,NA,2021,8,"OH","City",NA,"Kettering,OH","Kettering,OH,City","City"
"Kettering",NA,NA,NA,NA,NA,NA,NA,2021,9,"OH","City",NA,"Kettering,OH","Kettering,OH,City","City"
"Kettering",NA,NA,NA,NA,NA,NA,NA,2021,10,"OH","City",NA,"Kettering,OH","Kettering,OH,City","City"
"Kettering",NA,NA,NA,NA,NA,NA,NA,2021,11,"OH","City",NA,"Kettering,OH","Kettering,OH,City","City"
"Kettering",NA,NA,NA,NA,NA,NA,NA,2021,12,"OH","City",NA,"Kettering,OH","Kettering,OH,City","City"
"Mission",NA,NA,NA,NA,NA,NA,NA,2021,1,"TX","City",NA,"Mission,TX","Mission,TX,City","City"
"Mission",NA,NA,NA,NA,NA,NA,NA,2021,2,"TX","City",NA,"Mission,TX","Mission,TX,City","City"
"Mission",NA,NA,NA,NA,NA,NA,NA,2021,3,"TX","City",NA,"Mission,TX","Mission,TX,City","City"
"Mission",NA,NA,NA,NA,NA,NA,NA,2021,4,"TX","City",NA,"Mission,TX","Mission,TX,City","City"
"Mission",NA,NA,NA,NA,NA,NA,NA,2021,5,"TX","City",NA,"Mission,TX","Mission,TX,City","City"
"Mission",NA,NA,NA,NA,NA,NA,NA,2021,6,"TX","City",NA,"Mission,TX","Mission,TX,City","City"
"Mission",NA,NA,NA,NA,NA,NA,NA,2021,7,"TX","City",NA,"Mission,TX","Mission,TX,City","City"
"Mission",NA,NA,NA,NA,NA,NA,NA,2021,8,"TX","City",NA,"Mission,TX","Mission,TX,City","City"
"Mission",NA,NA,NA,NA,NA,NA,NA,2021,9,"TX","City",NA,"Mission,TX","Mission,TX,City","City"
"Novato",NA,NA,NA,NA,NA,NA,NA,2021,1,"CA","City",NA,"Novato,CA","Novato,CA,City","City"
"Novato",NA,NA,NA,NA,NA,NA,NA,2021,2,"CA","City",NA,"Novato,CA","Novato,CA,City","City"
"Novato",NA,NA,NA,NA,NA,NA,NA,2021,3,"CA","City",NA,"Novato,CA","Novato,CA,City","City"
"Novato",NA,NA,NA,NA,NA,NA,NA,2021,4,"CA","City",NA,"Novato,CA","Novato,CA,City","City"
"Novato",NA,NA,NA,NA,NA,NA,NA,2021,5,"CA","City",NA,"Novato,CA","Novato,CA,City","City"
"Novato",NA,NA,NA,NA,NA,NA,NA,2021,6,"CA","City",NA,"Novato,CA","Novato,CA,City","City"
"Novato",NA,NA,NA,NA,NA,NA,NA,2021,7,"CA","City",NA,"Novato,CA","Novato,CA,City","City"
"Novato",NA,NA,NA,NA,NA,NA,NA,2021,8,"CA","City",NA,"Novato,CA","Novato,CA,City","City"
"Novato",NA,NA,NA,NA,NA,NA,NA,2021,9,"CA","City",NA,"Novato,CA","Novato,CA,City","City"
"Novato",NA,NA,NA,NA,NA,NA,NA,2021,10,"CA","City",NA,"Novato,CA","Novato,CA,City","City"
"Novato",NA,NA,NA,NA,NA,NA,NA,2021,11,"CA","City",NA,"Novato,CA","Novato,CA,City","City"
"Novato",NA,NA,NA,NA,NA,NA,NA,2021,12,"CA","City",NA,"Novato,CA","Novato,CA,City","City"
"Kettering",NA,NA,NA,NA,NA,NA,NA,2020,3,"OH","City",NA,"Kettering,OH","Kettering,OH,City","City"
"Kettering",NA,NA,NA,NA,NA,NA,NA,2020,4,"OH","City",NA,"Kettering,OH","Kettering,OH,City","City"
"Kettering",NA,NA,NA,NA,NA,NA,NA,2020,5,"OH","City",NA,"Kettering,OH","Kettering,OH,City","City"
"Kettering",NA,NA,NA,NA,NA,NA,NA,2020,6,"OH","City",NA,"Kettering,OH","Kettering,OH,City","City"
"Kettering",NA,NA,NA,NA,NA,NA,NA,2020,7,"OH","City",NA,"Kettering,OH","Kettering,OH,City","City"
"Kettering",NA,NA,NA,NA,NA,NA,NA,2020,8,"OH","City",NA,"Kettering,OH","Kettering,OH,City","City"
"Kettering",NA,NA,NA,NA,NA,NA,NA,2020,9,"OH","City",NA,"Kettering,OH","Kettering,OH,City","City"
"Kettering",NA,NA,NA,NA,NA,NA,NA,2020,10,"OH","City",NA,"Kettering,OH","Kettering,OH,City","City"
"Kettering",NA,NA,NA,NA,NA,NA,NA,2020,11,"OH","City",NA,"Kettering,OH","Kettering,OH,City","City"
"Kettering",NA,NA,NA,NA,NA,NA,NA,2020,12,"OH","City",NA,"Kettering,OH","Kettering,OH,City","City"
"Davidson",NA,NA,NA,NA,NA,NA,NA,2019,1,"NC","County","Manual","Davidson,NC","Davidson,NC,County","County"
"Davidson",NA,NA,NA,NA,NA,NA,NA,2019,2,"NC","County","Manual","Davidson,NC","Davidson,NC,County","County"
"Davidson",NA,NA,NA,NA,NA,NA,NA,2019,3,"NC","County","Manual","Davidson,NC","Davidson,NC,County","County"
"Davidson",NA,NA,NA,NA,NA,NA,NA,2019,4,"NC","County","Manual","Davidson,NC","Davidson,NC,County","County"
"Davidson",NA,NA,NA,NA,NA,NA,NA,2019,5,"NC","County","Manual","Davidson,NC","Davidson,NC,County","County"
"Davidson",NA,NA,NA,NA,NA,NA,NA,2019,6,"NC","County","Manual","Davidson,NC","Davidson,NC,County","County"
"Davidson",NA,NA,NA,NA,NA,NA,NA,2019,11,"NC","County","Manual","Davidson,NC","Davidson,NC,County","County"
"Davidson",NA,NA,NA,NA,NA,NA,NA,2019,12,"NC","County","Manual","Davidson,NC","Davidson,NC,County","County"
"Jacksonville",NA,NA,NA,NA,NA,NA,NA,2019,5,"NC","City","Manual","Jacksonville,NC","Jacksonville,NC,City","City"
"Jacksonville",NA,NA,NA,NA,NA,NA,NA,2019,6,"NC","City","Manual","Jacksonville,NC","Jacksonville,NC,City","City"
"Jacksonville",NA,NA,NA,NA,NA,NA,NA,2019,7,"NC","City","Manual","Jacksonville,NC","Jacksonville,NC,City","City"
"Jacksonville",NA,NA,NA,NA,NA,NA,NA,2019,8,"NC","City","Manual","Jacksonville,NC","Jacksonville,NC,City","City"
"Jacksonville",NA,NA,NA,NA,NA,NA,NA,2019,9,"NC","City","Manual","Jacksonville,NC","Jacksonville,NC,City","City"
"Jacksonville",NA,NA,NA,NA,NA,NA,NA,2019,10,"NC","City","Manual","Jacksonville,NC","Jacksonville,NC,City","City"
"Jacksonville",NA,NA,NA,NA,NA,NA,NA,2019,11,"NC","City","Manual","Jacksonville,NC","Jacksonville,NC,City","City"
"Jacksonville",NA,NA,NA,NA,NA,NA,NA,2019,12,"NC","City","Manual","Jacksonville,NC","Jacksonville,NC,City","City"
