"Agency Name","Murder","Rape","Robbery","Aggravated Assault","Burglary","Theft","Motor Vehicle Theft","Year","Month","State","city_state","Agency_Type","city_state_id"
"Abilene",NA,NA,NA,NA,NA,NA,NA,2025,8,"TX","Abilene,TX","City","Abilene,TX,City"
"Abington",0,0,1,2,2,73,1,2025,8,"PA","Abington,PA","City","Abington,PA,City"
"Ada",0,6,0,12,4,30,1,2025,8,"ID","Ada,ID","County","Ada,ID,County"
"Adams",NA,NA,NA,NA,NA,NA,NA,2025,8,"CO","Adams,CO","County","Adams,CO,County"
"Aiken",0,3,1,19,39,95,17,2025,8,"SC","Aiken,SC","County","Aiken,SC,County"
"Akron",NA,NA,NA,NA,NA,NA,NA,2025,8,"OH","Akron,OH","City","Akron,OH,City"
"Alameda",0,2,2,21,13,202,53,2025,8,"CA","Alameda,CA","City","Alameda,CA,City"
"Alameda",0,2,13,53,15,111,43,2025,8,"CA","Alameda,CA","County","Alameda,CA,County"
"Albany",1,9,2,40,51,160,18,2025,8,"GA","Albany,GA","City","Albany,GA,City"
"Albany",NA,NA,NA,NA,NA,NA,NA,2025,8,"NY","Albany,NY","City","Albany,NY,City"
"Albany",NA,NA,NA,NA,NA,NA,NA,2025,8,"OR","Albany,OR","City","Albany,OR,City"
"Albemarle",0,4,0,5,5,127,2,2025,8,"VA","Albemarle,VA","County","Albemarle,VA,County"
"Albuquerque",8,NA,NA,NA,NA,NA,NA,2025,8,"NM","Albuquerque,NM","City","Albuquerque,NM,City"
"Alexandria",NA,NA,NA,NA,NA,NA,NA,2025,8,"VA","Alexandria,VA","City","Alexandria,VA,City"
"Alhambra",0,5,6,5,15,103,12,2025,8,"CA","Alhambra,CA","City","Alhambra,CA,City"
"Aliso Viejo",0,1,3,2,0,11,3,2025,8,"CA","Aliso Viejo,CA","City","Aliso Viejo,CA,City"
"Allen",0,2,1,9,5,63,3,2025,8,"TX","Allen,TX","City","Allen,TX,City"
"Allentown",0,5,7,13,15,104,23,2025,8,"PA","Allentown,PA","City","Allentown,PA,City"
"Alpharetta",0,1,0,8,1,55,2,2025,8,"GA","Alpharetta,GA","City","Alpharetta,GA,City"
"Amarillo",0,12,11,59,78,334,33,2025,8,"TX","Amarillo,TX","City","Amarillo,TX,City"
"Ames",0,4,0,2,5,48,3,2025,8,"IA","Ames,IA","City","Ames,IA,City"
"Anaheim",2,12,26,108,59,339,92,2025,8,"CA","Anaheim,CA","City","Anaheim,CA,City"
"Anderson",NA,NA,NA,NA,NA,NA,NA,2025,8,"IN","Anderson,IN","City","Anderson,IN,City"
"Anderson",0,6,2,44,47,173,23,2025,8,"SC","Anderson,SC","County","Anderson,SC,County"
"Ankeny",0,1,1,5,7,73,1,2025,8,"IA","Ankeny,IA","City","Ankeny,IA,City"
"Ann Arbor",0,1,6,17,19,118,6,2025,8,"MI","Ann Arbor,MI","City","Ann Arbor,MI,City"
"Antioch",1,2,23,73,24,157,74,2025,8,"CA","Antioch,CA","City","Antioch,CA,City"
"Apex",NA,NA,NA,NA,NA,NA,NA,2025,8,"NC","Apex,NC","City","Apex,NC,City"
"Apple Valley",7,1,0,4,5,99,3,2025,8,"MN","Apple Valley,MN","City","Apple Valley,MN,City"
"Appleton",NA,NA,NA,NA,NA,NA,NA,2025,7,"WI","Appleton,WI","City","Appleton,WI,City"
"Arapahoe",0,0,2,18,23,93,19,2025,8,"CO","Arapahoe,CO","County","Arapahoe,CO,County"
"Arcadia",0,0,9,4,27,95,7,2025,8,"CA","Arcadia,CA","City","Arcadia,CA,City"
"Arlington Heights",0,0,1,0,3,39,1,2025,8,"IL","Arlington Heights,IL","City","Arlington Heights,IL,City"
"Arlington",0,20,15,96,66,527,51,2025,8,"TX","Arlington,TX","City","Arlington,TX,City"
"Arlington",1,3,21,44,8,294,21,2025,8,"VA","Arlington,VA","County","Arlington,VA,County"
"Arvada",0,2,5,34,29,173,39,2025,8,"CO","Arvada,CO","City","Arvada,CO,City"
"Asheville",0,6,10,50,60,278,33,2025,8,"NC","Asheville,NC","City","Asheville,NC,City"
"Atlanta",6,NA,36,192,142,1075,149,2025,8,"GA","Atlanta,GA","City","Atlanta,GA,City"
"Aurora",3,22,43,225,78,513,179,2025,8,"CO","Aurora,CO","City","Aurora,CO,City"
"Austin",4,59,59,222,391,1873,374,2025,8,"TX","Austin,TX","City","Austin,TX,City"
"Avondale",0,2,0,14,11,130,10,2025,8,"AZ","Avondale,AZ","City","Avondale,AZ,City"
"Bakersfield",5,10,32,157,87,424,138,2025,8,"CA","Bakersfield,CA","City","Bakersfield,CA,City"
"Baldwin Park",0,1,6,19,8,49,10,2025,8,"CA","Baldwin Park,CA","City","Baldwin Park,CA,City"
"Baltimore",7,26,245,435,297,1336,411,2025,8,"MD","Baltimore,MD","City","Baltimore,MD,City"
"Baltimore",3,27,41,193,103,1284,252,2025,8,"MD","Baltimore,MD","County","Baltimore,MD,County"
"Barnstable",NA,NA,NA,NA,NA,NA,NA,2025,8,"MA","Barnstable,MA","City","Barnstable,MA,City"
"Bartlett",0,1,0,10,6,48,8,2025,8,"TN","Bartlett,TN","City","Bartlett,TN,City"
"Baton Rouge",NA,NA,NA,NA,NA,NA,NA,2025,6,"LA","Baton Rouge,LA","City","Baton Rouge,LA,City"
"Battle Creek",0,7,3,39,19,123,12,2025,8,"MI","Battle Creek,MI","City","Battle Creek,MI,City"
"Baytown",1,3,1,17,24,114,21,2025,8,"TX","Baytown,TX","City","Baytown,TX,City"
"Beaufort",NA,NA,NA,NA,NA,NA,NA,2025,8,"SC","Beaufort,SC","County","Beaufort,SC,County"
"Beaumont",0,0,0,7,3,47,2,2025,8,"CA","Beaumont,CA","City","Beaumont,CA,City"
"Beaumont",0,8,10,65,56,209,24,2025,8,"TX","Beaumont,TX","City","Beaumont,TX,City"
"Beaverton",0,6,5,15,18,148,12,2025,8,"OR","Beaverton,OR","City","Beaverton,OR,City"
"Bellevue",0,3,0,3,5,50,4,2025,8,"NE","Bellevue,NE","City","Bellevue,NE,City"
"Bellingham",0,NA,5,NA,NA,196,6,2025,8,"WA","Bellingham,WA","City","Bellingham,WA,City"
"Bend",0,0,1,12,8,94,9,2025,8,"OR","Bend,OR","City","Bend,OR,City"
"Bensalem",NA,NA,NA,NA,NA,NA,NA,2025,8,"PA","Bensalem,PA","City","Bensalem,PA,City"
"Bentonville",0,0,0,4,8,37,3,2025,8,"AR","Bentonville,AR","City","Bentonville,AR,City"
"Berkeley",NA,NA,NA,NA,NA,NA,NA,2025,8,"CA","Berkeley,CA","City","Berkeley,CA,City"
"Berkeley",1,4,1,32,37,110,21,2025,8,"SC","Berkeley,SC","County","Berkeley,SC,County"
"Bethlehem",0,2,3,6,3,56,8,2025,8,"PA","Bethlehem,PA","City","Bethlehem,PA,City"
"Bexar",NA,NA,NA,NA,NA,NA,NA,2025,8,"TX","Bexar,TX","County","Bexar,TX,County"
"Billings",0,6,6,54,34,235,38,2025,8,"MT","Billings,MT","City","Billings,MT,City"
"Birmingham",8,NA,NA,NA,NA,NA,NA,2025,8,"AL","Birmingham,AL","City","Birmingham,AL,City"
"Bismarck",0,1,4,12,16,100,11,2025,8,"ND","Bismarck,ND","City","Bismarck,ND,City"
"Blaine",0,0,0,3,3,76,10,2025,8,"MN","Blaine,MN","City","Blaine,MN,City"
"Bloomfield",0,0,1,3,1,62,4,2025,8,"NJ","Bloomfield,NJ","City","Bloomfield,NJ,City"
"Bloomington",NA,NA,NA,NA,NA,NA,NA,2025,8,"IN","Bloomington,IN","City","Bloomington,IN,City"
"Bloomington",0,5,4,12,16,238,9,2025,8,"MN","Bloomington,MN","City","Bloomington,MN,City"
"Blue Springs",0,1,1,13,13,68,5,2025,8,"MO","Blue Springs,MO","City","Blue Springs,MO,City"
"Boise",NA,NA,NA,NA,NA,NA,NA,2025,8,"ID","Boise,ID","City","Boise,ID,City"
"Bolingbrook",0,4,3,6,3,46,4,2025,8,"IL","Bolingbrook,IL","City","Bolingbrook,IL,City"
"Boone",0,1,0,0,1,25,9,2025,8,"KY","Boone,KY","County","Boone,KY,County"
"Bossier City",NA,NA,NA,NA,NA,NA,NA,2025,8,"LA","Bossier City,LA","City","Bossier City,LA,City"
"Boston",2,9,74,276,99,992,11,2025,8,"MA","Boston,MA","City","Boston,MA,City"
"Boulder",0,6,1,22,39,174,15,2025,8,"CO","Boulder,CO","City","Boulder,CO,City"
"Bowie",0,0,4,1,2,33,11,2025,8,"MD","Bowie,MD","City","Bowie,MD,City"
"Bowling Green",NA,NA,NA,NA,NA,NA,NA,2025,8,"KY","Bowling Green,KY","City","Bowling Green,KY,City"
"Bozeman",0,4,1,25,3,78,4,2025,8,"MT","Bozeman,MT","City","Bozeman,MT,City"
"Brazoria",0,4,1,16,12,60,13,2025,8,"TX","Brazoria,TX","County","Brazoria,TX,County"
"Brentwood",0,1,6,10,8,72,12,2025,8,"CA","Brentwood,CA","City","Brentwood,CA,City"
"Bridgeport",NA,NA,NA,NA,NA,NA,NA,2025,8,"CT","Bridgeport,CT","City","Bridgeport,CT,City"
"Bristol",0,0,2,1,2,21,11,2025,8,"CT","Bristol,CT","City","Bristol,CT,City"
"Brockton",0,6,1,29,71,93,50,2025,8,"MA","Brockton,MA","City","Brockton,MA,City"
"Broken Arrow",0,4,2,16,14,89,11,2025,8,"OK","Broken Arrow,OK","City","Broken Arrow,OK,City"
"Brookhaven",1,0,5,16,9,79,4,2025,8,"GA","Brookhaven,GA","City","Brookhaven,GA,City"
"Brookline",NA,NA,NA,NA,NA,NA,NA,2025,8,"MA","Brookline,MA","City","Brookline,MA,City"
"Brooklyn Park",0,9,7,14,9,107,33,2025,8,"MN","Brooklyn Park,MN","City","Brooklyn Park,MN,City"
"Broomfield",0,0,2,12,14,99,12,2025,8,"CO","Broomfield,CO","City","Broomfield,CO,City"
"Brownsville",0,9,16,49,24,166,18,2025,8,"TX","Brownsville,TX","City","Brownsville,TX,City"
"Buckeye",0,3,0,9,2,49,5,2025,8,"AZ","Buckeye,AZ","City","Buckeye,AZ,City"
"Buena Park",0,2,3,11,7,91,24,2025,8,"CA","Buena Park,CA","City","Buena Park,CA,City"
"Buffalo",0,9,38,120,105,664,101,2025,8,"NY","Buffalo,NY","City","Buffalo,NY,City"
"Buncombe",1,2,1,16,27,69,16,2025,8,"NC","Buncombe,NC","County","Buncombe,NC,County"
"Burbank",0,0,8,19,14,138,15,2025,8,"CA","Burbank,CA","City","Burbank,CA,City"
"Burleson",0,0,0,8,5,18,2,2025,8,"TX","Burleson,TX","City","Burleson,TX,City"
"Burlington",0,2,3,34,25,119,12,2025,8,"NC","Burlington,NC","City","Burlington,NC,City"
"Burlington",1,1,1,17,12,148,7,2025,8,"VT","Burlington,VT","City","Burlington,VT,City"
"Burnsville",0,0,1,1,4,69,5,2025,8,"MN","Burnsville,MN","City","Burnsville,MN,City"
"Caldwell",NA,NA,NA,NA,NA,NA,NA,2025,8,"ID","Caldwell,ID","City","Caldwell,ID,City"
"Camarillo",0,0,2,6,5,57,2,2025,8,"CA","Camarillo,CA","City","Camarillo,CA,City"
"Cambridge",0,2,21,35,23,283,15,2025,8,"MA","Cambridge,MA","City","Cambridge,MA,City"
"Canton Township",0,0,2,15,7,47,2,2025,8,"MI","Canton Township,MI","City","Canton Township,MI,City"
"Canton",0,6,3,40,69,119,30,2025,8,"OH","Canton,OH","City","Canton,OH,City"
"Carlsbad",1,1,1,12,13,72,7,2025,8,"CA","Carlsbad,CA","City","Carlsbad,CA,City"
"Carmel",0,0,1,4,3,44,3,2025,8,"IN","Carmel,IN","City","Carmel,IN,City"
"Carrollton",0,0,1,11,26,73,13,2025,8,"TX","Carrollton,TX","City","Carrollton,TX,City"
"Cary",0,1,3,6,11,134,18,2025,8,"NC","Cary,NC","City","Cary,NC,City"
"Casa Grande",NA,NA,NA,NA,NA,NA,NA,2025,8,"AZ","Casa Grande,AZ","City","Casa Grande,AZ,City"
"Castle Rock",0,0,0,3,2,70,2,2025,8,"CO","Castle Rock,CO","City","Castle Rock,CO,City"
"Cedar Park",0,4,1,8,10,63,3,2025,8,"TX","Cedar Park,TX","City","Cedar Park,TX,City"
"Cedar Rapids",0,0,7,35,41,191,16,2025,8,"IA","Cedar Rapids,IA","City","Cedar Rapids,IA,City"
"Centennial",0,1,3,10,14,88,16,2025,8,"CO","Centennial,CO","City","Centennial,CO,City"
"Champaign",1,2,5,12,25,163,5,2025,8,"IL","Champaign,IL","City","Champaign,IL,City"
"Chandler",2,7,5,28,16,207,10,2025,8,"AZ","Chandler,AZ","City","Chandler,AZ,City"
"Chapel Hill",NA,NA,NA,NA,NA,NA,NA,2025,8,"NC","Chapel Hill,NC","City","Chapel Hill,NC,City"
"Charleston",0,4,4,23,15,193,23,2025,8,"SC","Charleston,SC","City","Charleston,SC,City"
"Charlotte",6,15,90,445,288,2285,512,2025,8,"NC","Charlotte,NC","City","Charlotte,NC,City"
"Chattanooga",2,10,8,114,67,415,86,2025,8,"TN","Chattanooga,TN","City","Chattanooga,TN,City"
"Cherry Hill Township",0,3,2,7,11,157,13,2025,8,"NJ","Cherry Hill Township,NJ","City","Cherry Hill Township,NJ,City"
"Chesapeake",4,4,13,59,33,268,25,2025,8,"VA","Chesapeake,VA","City","Chesapeake,VA,City"
"Chesterfield",0,5,6,33,22,289,24,2025,8,"VA","Chesterfield,VA","County","Chesterfield,VA,County"
"Cheyenne",1,1,2,10,20,101,4,2025,8,"WY","Cheyenne,WY","City","Cheyenne,WY,City"
"Chicago",42,166,571,1291,588,4329,1542,2025,8,"IL","Chicago,IL","City","Chicago,IL,City"
"Chico",0,10,6,38,15,124,11,2025,8,"CA","Chico,CA","City","Chico,CA,City"
"Chicopee",0,2,1,13,7,68,9,2025,8,"MA","Chicopee,MA","City","Chicopee,MA,City"
"Chino",0,3,8,29,19,135,17,2025,8,"CA","Chino,CA","City","Chino,CA,City"
"Chula Vista",0,5,11,58,27,200,44,2025,8,"CA","Chula Vista,CA","City","Chula Vista,CA,City"
"Cicero",0,0,6,4,5,51,16,2025,8,"IL","Cicero,IL","City","Cicero,IL,City"
"Cincinnati",5,15,51,151,140,659,143,2025,8,"OH","Cincinnati,OH","City","Cincinnati,OH,City"
"Citrus Heights",0,1,9,18,18,112,18,2025,8,"CA","Citrus Heights,CA","City","Citrus Heights,CA,City"
"Clackamas",NA,NA,NA,NA,NA,NA,NA,2025,7,"OR","Clackamas,OR","County","Clackamas,OR,County"
"Clarksville",0,5,2,34,7,157,19,2025,8,"TN","Clarksville,TN","City","Clarksville,TN,City"
"Cleveland",NA,NA,NA,NA,NA,NA,NA,2025,8,"OH","Cleveland,OH","City","Cleveland,OH,City"
"Clifton",0,0,2,13,12,117,21,2025,8,"NJ","Clifton,NJ","City","Clifton,NJ,City"
"Clinton Township",NA,NA,NA,NA,NA,NA,NA,2025,8,"MI","Clinton Township,MI","City","Clinton Township,MI,City"
"Clovis",0,2,11,29,9,121,17,2025,8,"CA","Clovis,CA","City","Clovis,CA,City"
"Coeur D Alene",0,4,0,4,4,34,2,2025,8,"ID","Coeur D Alene,ID","City","Coeur D Alene,ID,City"
"Colerain Township",1,0,0,7,2,57,6,2025,8,"OH","Colerain Township,OH","City","Colerain Township,OH,City"
"College Station",0,5,0,4,9,73,6,2025,8,"TX","College Station,TX","City","College Station,TX,City"
"Collierville",0,0,1,9,7,38,3,2025,8,"TN","Collierville,TN","City","Collierville,TN,City"
"Colonie Town",NA,NA,NA,NA,NA,NA,NA,2025,8,"NY","Colonie Town,NY","City","Colonie Town,NY,City"
"Colorado Springs",2,28,22,207,184,880,151,2025,8,"CO","Colorado Springs,CO","City","Colorado Springs,CO,City"
"Columbia",0,3,1,30,12,154,14,2025,8,"MO","Columbia,MO","City","Columbia,MO,City"
"Columbus",4,58,86,129,371,1168,341,2025,8,"OH","Columbus,OH","City","Columbus,OH,City"
"Commerce City",0,6,10,37,32,104,27,2025,8,"CO","Commerce City,CO","City","Commerce City,CO,City"
"Concord",0,5,9,26,40,240,54,2025,6,"CA","Concord,CA","City","Concord,CA,City"
"Concord",0,0,1,6,5,57,5,2025,8,"NC","Concord,NC","City","Concord,NC,City"
"Conroe",0,8,2,20,6,123,6,2025,8,"TX","Conroe,TX","City","Conroe,TX,City"
"Conway",0,4,2,24,10,119,10,2025,8,"AR","Conway,AR","City","Conway,AR,City"
"Coon Rapids",0,2,2,9,8,50,3,2025,8,"MN","Coon Rapids,MN","City","Coon Rapids,MN,City"
"Corona",1,3,10,24,22,141,9,2025,8,"CA","Corona,CA","City","Corona,CA,City"
"Corpus Christi",0,15,31,207,146,492,73,2025,8,"TX","Corpus Christi,TX","City","Corpus Christi,TX,City"
"Corvallis",NA,NA,NA,NA,NA,NA,NA,2025,8,"OR","Corvallis,OR","City","Corvallis,OR,City"
"Council Bluffs",1,6,3,24,21,104,21,2025,8,"IA","Council Bluffs,IA","City","Council Bluffs,IA,City"
"Cranston",1,1,1,5,6,53,5,2025,8,"RI","Cranston,RI","City","Cranston,RI,City"
"Cuyahoga Falls",0,0,1,8,2,70,5,2025,8,"OH","Cuyahoga Falls,OH","City","Cuyahoga Falls,OH,City"
"Dallas",7,14,170,471,456,2188,713,2025,8,"TX","Dallas,TX","City","Dallas,TX,City"
"Daly City",NA,NA,NA,NA,NA,NA,NA,2025,8,"CA","Daly City,CA","City","Daly City,CA,City"
"Danbury",NA,NA,NA,NA,NA,NA,NA,2025,8,"CT","Danbury,CT","City","Danbury,CT,City"
"Davenport",0,8,2,35,37,188,19,2025,8,"IA","Davenport,IA","City","Davenport,IA,City"
"Davidson",NA,NA,NA,NA,NA,NA,NA,2025,8,"NC","Davidson,NC","County","Davidson,NC,County"
"Davis",0,0,0,6,8,74,8,2025,8,"CA","Davis,CA","City","Davis,CA,City"
"Dayton",2,13,28,131,106,242,130,2025,8,"OH","Dayton,OH","City","Dayton,OH,City"
"Dearborn Heights",0,1,1,10,11,41,12,2025,8,"MI","Dearborn Heights,MI","City","Dearborn Heights,MI,City"
"Dearborn",0,0,4,23,7,92,17,2025,8,"MI","Dearborn,MI","City","Dearborn,MI,City"
"Decatur",1,1,2,42,33,133,15,2025,8,"IL","Decatur,IL","City","Decatur,IL,City"
"Delaware",0,3,0,16,10,68,5,2025,8,"OH","Delaware,OH","County","Delaware,OH,County"
"Denton",2,0,1,34,24,181,13,2025,8,"TX","Denton,TX","City","Denton,TX,City"
"Denton",0,1,0,0,9,19,6,2025,8,"TX","Denton,TX","County","Denton,TX,County"
"Denver",4,48,87,424,328,1845,440,2025,8,"CO","Denver,CO","City","Denver,CO,City"
"Des Moines",0,8,11,115,95,389,85,2025,8,"IA","Des Moines,IA","City","Des Moines,IA,City"
"Des Plaines",NA,NA,NA,NA,NA,NA,NA,2025,8,"IL","Des Plaines,IL","City","Des Plaines,IL,City"
"Desoto",0,1,0,10,10,68,11,2025,8,"TX","Desoto,TX","City","Desoto,TX,City"
"Detroit",16,35,106,752,377,1254,636,2025,8,"MI","Detroit,MI","City","Detroit,MI,City"
"Douglas",0,5,0,26,9,127,10,2025,8,"CO","Douglas,CO","County","Douglas,CO,County"
"Draper",0,4,0,2,2,28,1,2025,8,"UT","Draper,UT","City","Draper,UT,City"
"Dublin",NA,NA,NA,NA,NA,NA,NA,2025,8,"OH","Dublin,OH","City","Dublin,OH,City"
"Dubuque",0,5,2,20,15,67,4,2025,8,"IA","Dubuque,IA","City","Dubuque,IA,City"
"Duluth",1,4,3,9,31,216,7,2025,8,"MN","Duluth,MN","City","Duluth,MN,City"
"Dunwoody",0,1,2,1,4,82,9,2025,8,"GA","Dunwoody,GA","City","Dunwoody,GA,City"
"Durham",NA,NA,NA,NA,NA,NA,NA,2025,8,"NC","Durham,NC","City","Durham,NC,City"
"Eagan",0,1,0,8,8,71,4,2025,8,"MN","Eagan,MN","City","Eagan,MN,City"
"East Baton Rouge",2,4,7,45,81,371,31,2025,8,"LA","East Baton Rouge,LA","County","East Baton Rouge,LA,County"
"East Hartford",0,2,2,2,5,58,6,2025,8,"CT","East Hartford,CT","City","East Hartford,CT,City"
"Eau Claire",0,3,1,1,8,90,11,2025,7,"WI","Eau Claire,WI","City","Eau Claire,WI,City"
"Eden Prairie",0,0,0,3,12,74,3,2025,8,"MN","Eden Prairie,MN","City","Eden Prairie,MN,City"
"Edina",0,3,0,2,11,64,11,2025,8,"MN","Edina,MN","City","Edina,MN,City"
"Edinburg",0,9,0,15,7,102,5,2025,8,"TX","Edinburg,TX","City","Edinburg,TX,City"
"Edmond",0,4,0,12,6,80,8,2025,8,"OK","Edmond,OK","City","Edmond,OK,City"
"El Cajon",0,3,6,34,12,76,16,2025,8,"CA","El Cajon,CA","City","El Cajon,CA,City"
"El Dorado",2,1,0,19,11,66,4,2025,8,"CA","El Dorado,CA","County","El Dorado,CA,County"
"El Monte",0,2,20,18,23,101,39,2025,8,"CA","El Monte,CA","City","El Monte,CA,City"
"El Paso",1,13,4,45,25,108,10,2025,8,"CO","El Paso,CO","County","El Paso,CO,County"
"El Paso",0,19,19,148,55,599,139,2025,8,"TX","El Paso,TX","City","El Paso,TX,City"
"El Paso",0,4,1,23,12,35,10,2025,8,"TX","El Paso,TX","County","El Paso,TX,County"
"Elizabeth",0,3,3,34,14,196,46,2025,8,"NJ","Elizabeth,NJ","City","Elizabeth,NJ,City"
"Elk Grove",0,3,8,14,26,131,13,2025,8,"CA","Elk Grove,CA","City","Elk Grove,CA,City"
"Elkhart",NA,NA,NA,NA,NA,NA,NA,2025,8,"IN","Elkhart,IN","City","Elkhart,IN,City"
"Elyria",0,2,1,3,14,50,7,2025,8,"OH","Elyria,OH","City","Elyria,OH,City"
"Enid",1,5,0,16,25,71,7,2025,8,"OK","Enid,OK","City","Enid,OK,City"
"Erie",0,3,4,14,14,145,9,2025,8,"PA","Erie,PA","City","Erie,PA,City"
"Escondido",1,4,6,38,20,166,15,2025,8,"CA","Escondido,CA","City","Escondido,CA,City"
"Euclid",0,3,2,1,4,40,26,2025,8,"OH","Euclid,OH","City","Euclid,OH,City"
"Eugene",0,11,8,40,27,275,33,2025,8,"OR","Eugene,OR","City","Eugene,OR,City"
"Euless",0,0,1,4,4,74,3,2025,8,"TX","Euless,TX","City","Euless,TX,City"
"Evanston",NA,NA,NA,NA,NA,NA,NA,2025,8,"IL","Evanston,IL","City","Evanston,IL,City"
"Evansville",NA,NA,NA,NA,NA,NA,NA,2025,8,"IN","Evansville,IN","City","Evansville,IN,City"
"Everett",0,0,0,3,3,38,4,2025,8,"MA","Everett,MA","City","Everett,MA,City"
"Fairfax",NA,NA,NA,NA,NA,NA,NA,2025,8,"VA","Fairfax,VA","County","Fairfax,VA,County"
"Fairfield",1,3,12,42,18,131,34,2025,8,"CA","Fairfield,CA","City","Fairfield,CA,City"
"Fairfield",0,0,1,0,1,53,9,2025,8,"CT","Fairfield,CT","City","Fairfield,CT,City"
"Fall River",NA,NA,NA,NA,NA,NA,NA,2025,8,"MA","Fall River,MA","City","Fall River,MA,City"
"Fargo",3,5,10,39,69,328,46,2025,8,"ND","Fargo,ND","City","Fargo,ND,City"
"Farmington Hills",0,1,1,13,5,51,4,2025,8,"MI","Farmington Hills,MI","City","Farmington Hills,MI,City"
"Fayetteville",0,3,3,39,19,141,22,2025,8,"AR","Fayetteville,AR","City","Fayetteville,AR,City"
"Fayetteville",1,4,19,87,68,384,47,2025,8,"NC","Fayetteville,NC","City","Fayetteville,NC,City"
"Fishers",0,0,1,0,4,32,3,2025,8,"IN","Fishers,IN","City","Fishers,IN,City"
"Flagstaff",NA,NA,NA,NA,NA,NA,NA,2025,8,"AZ","Flagstaff,AZ","City","Flagstaff,AZ,City"
"Florissant",NA,NA,NA,NA,NA,NA,NA,2025,8,"MO","Florissant,MO","City","Florissant,MO,City"
"Flower Mound",0,0,0,1,1,34,3,2025,8,"TX","Flower Mound,TX","City","Flower Mound,TX,City"
"Folsom",0,7,1,2,6,63,9,2025,8,"CA","Folsom,CA","City","Folsom,CA,City"
"Fontana",2,NA,6,NA,32,146,39,2025,7,"CA","Fontana,CA","City","Fontana,CA,City"
"Forsyth",0,5,0,7,4,54,3,2025,8,"GA","Forsyth,GA","County","Forsyth,GA,County"
"Forsyth",0,0,2,15,18,99,13,2025,8,"NC","Forsyth,NC","County","Forsyth,NC,County"
"Fort Bend",0,7,7,45,66,284,26,2025,8,"TX","Fort Bend,TX","County","Fort Bend,TX,County"
"Fort Collins",0,0,2,15,16,123,7,2025,8,"CO","Fort Collins,CO","City","Fort Collins,CO,City"
"Fort Smith",0,6,3,64,29,184,13,2025,8,"AR","Fort Smith,AR","City","Fort Smith,AR,City"
"Fort Wayne",2,14,13,34,34,425,72,2025,8,"IN","Fort Wayne,IN","City","Fort Wayne,IN,City"
"Fort Worth",5,38,52,239,232,1253,287,2025,8,"TX","Fort Worth,TX","City","Fort Worth,TX,City"
"Fountain Valley",0,1,1,4,8,57,4,2025,8,"CA","Fountain Valley,CA","City","Fountain Valley,CA,City"
"Framingham",NA,NA,NA,NA,NA,NA,NA,2025,8,"MA","Framingham,MA","City","Framingham,MA,City"
"Franklin",0,2,1,16,4,37,3,2025,8,"TN","Franklin,TN","City","Franklin,TN,City"
"Fremont",NA,NA,NA,NA,NA,NA,NA,2025,3,"CA","Fremont,CA","City","Fremont,CA,City"
"Fresno",2,19,69,282,179,794,204,2025,8,"CA","Fresno,CA","City","Fresno,CA,City"
"Frisco",0,2,3,17,5,146,6,2025,8,"TX","Frisco,TX","City","Frisco,TX,City"
"Fullerton",0,2,8,42,22,139,21,2025,8,"CA","Fullerton,CA","City","Fullerton,CA,City"
"Galveston",0,5,5,9,14,84,11,2025,8,"TX","Galveston,TX","City","Galveston,TX,City"
"Gardena",0,1,12,22,22,90,35,2025,8,"CA","Gardena,CA","City","Gardena,CA,City"
"Garland",1,3,6,17,32,266,51,2025,8,"TX","Garland,TX","City","Garland,TX,City"
"Gastonia",1,2,9,54,35,165,19,2025,8,"NC","Gastonia,NC","City","Gastonia,NC,City"
"Georgetown",0,0,0,12,17,60,9,2025,8,"TX","Georgetown,TX","City","Georgetown,TX,City"
"Gilbert",1,8,1,26,18,180,15,2025,8,"AZ","Gilbert,AZ","City","Gilbert,AZ,City"
"Gilroy",0,3,4,15,5,71,18,2025,8,"CA","Gilroy,CA","City","Gilroy,CA,City"
"Glendale",NA,NA,NA,NA,NA,NA,NA,2025,8,"AZ","Glendale,AZ","City","Glendale,AZ,City"
"Glendale",0,2,14,30,14,235,17,2025,8,"CA","Glendale,CA","City","Glendale,CA,City"
"Goodyear",0,2,1,13,9,101,8,2025,8,"AZ","Goodyear,AZ","City","Goodyear,AZ,City"
"Grand Forks",0,1,3,10,2,63,5,2025,8,"ND","Grand Forks,ND","City","Grand Forks,ND,City"
"Grand Island",0,1,0,13,5,53,5,2025,8,"NE","Grand Island,NE","City","Grand Island,NE,City"
"Grand Junction",0,7,2,25,12,120,8,2025,8,"CO","Grand Junction,CO","City","Grand Junction,CO,City"
"Grand Prairie",0,2,1,45,17,175,40,2025,8,"TX","Grand Prairie,TX","City","Grand Prairie,TX,City"
"Grand Rapids",1,10,20,115,37,402,49,2025,8,"MI","Grand Rapids,MI","City","Grand Rapids,MI,City"
"Grapevine",0,1,2,6,5,62,6,2025,8,"TX","Grapevine,TX","City","Grapevine,TX,City"
"Great Falls",0,0,0,25,28,172,15,2025,8,"MT","Great Falls,MT","City","Great Falls,MT,City"
"Greeley",1,5,2,45,24,172,21,2025,8,"CO","Greeley,CO","City","Greeley,CO,City"
"Green Bay",0,3,4,16,6,67,9,2025,7,"WI","Green Bay,WI","City","Green Bay,WI,City"
"Green Township",0,1,2,4,9,62,6,2025,8,"OH","Green Township,OH","City","Green Township,OH,City"
"Greensboro",4,8,30,135,112,532,141,2025,8,"NC","Greensboro,NC","City","Greensboro,NC,City"
"Greenville",0,1,2,33,26,171,16,2025,8,"NC","Greenville,NC","City","Greenville,NC,City"
"Greenville",0,8,2,16,17,159,14,2025,8,"SC","Greenville,SC","City","Greenville,SC,City"
"Greenville",1,12,7,86,66,296,28,2025,8,"SC","Greenville,SC","County","Greenville,SC,County"
"Greenwich",0,0,0,0,1,26,4,2025,8,"CT","Greenwich,CT","City","Greenwich,CT,City"
"Greenwood",3,1,1,7,2,81,9,2025,8,"IN","Greenwood,IN","City","Greenwood,IN,City"
"Gresham",0,3,7,24,30,116,29,2025,8,"OR","Gresham,OR","City","Gresham,OR,City"
"Guilford",0,1,3,8,12,66,7,2025,8,"NC","Guilford,NC","County","Guilford,NC,County"
"Hall",0,7,0,11,8,57,7,2025,8,"GA","Hall,GA","County","Hall,GA,County"
"Hamden",NA,NA,NA,NA,NA,NA,NA,2025,8,"CT","Hamden,CT","City","Hamden,CT,City"
"Hamilton Township",0,1,1,13,14,164,12,2025,8,"NJ","Hamilton Township,NJ","City","Hamilton Township,NJ,City"
"Hamilton",NA,NA,NA,NA,NA,NA,NA,2025,8,"OH","Hamilton,OH","City","Hamilton,OH,City"
"Hamilton",0,5,0,13,9,108,18,2025,8,"OH","Hamilton,OH","County","Hamilton,OH,County"
"Hamilton",0,1,0,21,4,20,1,2025,8,"TN","Hamilton,TN","County","Hamilton,TN,County"
"Hammond",NA,NA,NA,NA,NA,NA,NA,2025,8,"IN","Hammond,IN","City","Hammond,IN,City"
"Hampton",0,5,9,12,23,294,114,2025,8,"VA","Hampton,VA","City","Hampton,VA,City"
"Hanover",0,2,1,6,4,51,2,2025,8,"VA","Hanover,VA","County","Hanover,VA,County"
"Harlingen",0,1,1,12,15,136,24,2025,8,"TX","Harlingen,TX","City","Harlingen,TX,City"
"Harris",2,55,89,388,319,1674,329,2025,8,"TX","Harris,TX","County","Harris,TX,County"
"Harrisburg",0,1,7,18,15,43,17,2025,8,"PA","Harrisburg,PA","City","Harrisburg,PA,City"
"Harrisonburg",0,0,0,8,2,43,1,2025,8,"VA","Harrisonburg,VA","City","Harrisonburg,VA,City"
"Hartford",0,1,12,21,13,121,71,2025,8,"CT","Hartford,CT","City","Hartford,CT,City"
"Haverford",NA,NA,NA,NA,NA,NA,NA,2025,8,"PA","Haverford,PA","City","Haverford,PA,City"
"Haverhill",0,0,0,25,4,37,4,2025,8,"MA","Haverhill,MA","City","Haverhill,MA,City"
"Hays",0,4,0,11,11,37,5,2025,8,"TX","Hays,TX","County","Hays,TX,County"
"Hayward",1,0,10,43,54,169,83,2025,8,"CA","Hayward,CA","City","Hayward,CA,City"
"Hempstead Village",NA,NA,NA,NA,NA,NA,NA,2025,8,"NY","Hempstead Village,NY","City","Hempstead Village,NY,City"
"Henderson",1,9,14,38,61,234,80,2025,7,"NV","Henderson,NV","City","Henderson,NV,City"
"Hendersonville",0,1,0,10,4,26,0,2025,8,"TN","Hendersonville,TN","City","Hendersonville,TN,City"
"Henrico",0,1,5,38,23,432,13,2025,8,"VA","Henrico,VA","County","Henrico,VA,County"
"Henry",1,8,0,29,13,117,17,2025,8,"GA","Henry,GA","County","Henry,GA,County"
"Hidalgo",1,6,8,42,33,84,24,2025,8,"TX","Hidalgo,TX","County","Hidalgo,TX,County"
"High Point",0,1,6,31,40,146,23,2025,8,"NC","High Point,NC","City","High Point,NC,City"
"Hillsboro",1,6,4,20,12,124,12,2025,8,"OR","Hillsboro,OR","City","Hillsboro,OR,City"
"Hoboken",0,0,2,3,8,87,2,2025,8,"NJ","Hoboken,NJ","City","Hoboken,NJ,City"
"Honolulu",1,NA,36,95,128,876,188,2025,8,"HI","Honolulu,HI","City","Honolulu,HI,City"
"Horry",1,12,0,75,39,275,32,2025,8,"SC","Horry,SC","County","Horry,SC,County"
"Houston",19,105,358,1242,644,5177,980,2025,8,"TX","Houston,TX","City","Houston,TX,City"
"Howard",1,4,10,16,44,302,87,2025,6,"MD","Howard,MD","County","Howard,MD,County"
"Huntersville",0,0,1,7,7,44,9,2025,8,"NC","Huntersville,NC","City","Huntersville,NC,City"
"Idaho Falls",0,4,0,14,16,29,4,2025,8,"ID","Idaho Falls,ID","City","Idaho Falls,ID,City"
"Independence",0,7,4,55,40,210,40,2025,8,"MO","Independence,MO","City","Independence,MO,City"
"Indianapolis",7,70,89,337,265,1241,437,2025,8,"IN","Indianapolis,IN","City","Indianapolis,IN,City"
"Iowa City",0,5,2,25,14,96,12,2025,8,"IA","Iowa City,IA","City","Iowa City,IA,City"
"Iredell",0,0,1,6,13,28,7,2025,8,"NC","Iredell,NC","County","Iredell,NC,County"
"Irvine",0,3,3,10,34,224,10,2025,8,"CA","Irvine,CA","City","Irvine,CA,City"
"Irving",0,11,3,39,69,280,52,2025,8,"TX","Irving,TX","City","Irving,TX,City"
"Jackson",4,1,3,24,22,121,18,2025,8,"TN","Jackson,TN","City","Jackson,TN,City"
"Jacksonville",8,NA,NA,NA,NA,NA,NA,2025,8,"FL","Jacksonville,FL","City","Jacksonville,FL,City"
"Jacksonville",NA,NA,NA,NA,NA,NA,NA,2025,8,"NC","Jacksonville,NC","City","Jacksonville,NC,City"
"Janesville",0,1,0,1,5,69,2,2025,7,"WI","Janesville,WI","City","Janesville,WI,City"
"Jefferson",0,5,4,42,20,109,24,2025,8,"CO","Jefferson,CO","County","Jefferson,CO,County"
"Jefferson",2,10,9,43,49,466,33,2025,8,"LA","Jefferson,LA","County","Jefferson,LA,County"
"Jefferson",0,3,1,32,15,58,13,2025,8,"MO","Jefferson,MO","County","Jefferson,MO,County"
"Jeffersonville",NA,NA,NA,NA,NA,NA,NA,2025,8,"IN","Jeffersonville,IN","City","Jeffersonville,IN,City"
"Jersey City",0,4,26,67,46,364,78,2025,8,"NJ","Jersey City,NJ","City","Jersey City,NJ,City"
"Johns Creek",2,0,0,1,1,22,2,2025,8,"GA","Johns Creek,GA","City","Johns Creek,GA,City"
"Johnson City",1,13,5,24,8,86,9,2025,8,"TN","Johnson City,TN","City","Johnson City,TN,City"
"Johnston",1,1,0,11,22,75,4,2025,8,"NC","Johnston,NC","County","Johnston,NC,County"
"Jonesboro",NA,NA,NA,NA,NA,NA,NA,2025,8,"AR","Jonesboro,AR","City","Jonesboro,AR,City"
"Joplin",0,4,1,19,18,137,24,2025,8,"MO","Joplin,MO","City","Joplin,MO,City"
"Kalamazoo",NA,NA,NA,NA,NA,NA,NA,2025,8,"MI","Kalamazoo,MI","City","Kalamazoo,MI,City"
"Kalamazoo",NA,NA,NA,NA,NA,NA,NA,2025,8,"MI","Kalamazoo,MI","County","Kalamazoo,MI,County"
"Kannapolis",0,1,1,9,14,61,7,2025,8,"NC","Kannapolis,NC","City","Kannapolis,NC,City"
"Kansas City",11,31,86,449,249,1052,530,2025,8,"MO","Kansas City,MO","City","Kansas City,MO,City"
"Kaufman",0,4,0,5,5,17,5,2025,8,"TX","Kaufman,TX","County","Kaufman,TX,County"
"Kenosha",0,4,1,14,3,42,5,2025,7,"WI","Kenosha,WI","City","Kenosha,WI,City"
"Kent",0,7,1,37,22,156,11,2025,8,"MI","Kent,MI","County","Kent,MI,County"
"Kentwood",NA,NA,NA,NA,NA,NA,NA,2025,8,"MI","Kentwood,MI","City","Kentwood,MI,City"
"Kettering",0,1,1,0,7,55,13,2025,8,"OH","Kettering,OH","City","Kettering,OH,City"
"Killeen",1,3,5,62,32,199,35,2025,8,"TX","Killeen,TX","City","Killeen,TX,City"
"Kingsport",0,5,3,28,8,95,8,2025,8,"TN","Kingsport,TN","City","Kingsport,TN,City"
"Knox",0,8,2,34,17,141,37,2025,8,"TN","Knox,TN","County","Knox,TN,County"
"Knoxville",1,17,9,93,53,289,28,2025,8,"TN","Knoxville,TN","City","Knoxville,TN,City"
"Kokomo",NA,NA,NA,NA,NA,NA,NA,2025,8,"IN","Kokomo,IN","City","Kokomo,IN,City"
"Kyle",0,1,0,5,8,20,4,2025,8,"TX","Kyle,TX","City","Kyle,TX,City"
"La Crosse",0,4,1,15,11,165,10,2025,7,"WI","La Crosse,WI","City","La Crosse,WI,City"
"La Mesa",0,1,3,20,11,51,9,2025,8,"CA","La Mesa,CA","City","La Mesa,CA,City"
"Lafayette",1,3,6,119,81,221,22,2025,8,"LA","Lafayette,LA","City","Lafayette,LA,City"
"Laguna Niguel",0,1,0,3,1,22,0,2025,8,"CA","Laguna Niguel,CA","City","Laguna Niguel,CA,City"
"Lake Charles",1,3,2,31,37,144,17,2025,8,"LA","Lake Charles,LA","City","Lake Charles,LA,City"
"Lake Havasu City",0,3,0,12,7,35,5,2025,8,"AZ","Lake Havasu City,AZ","City","Lake Havasu City,AZ,City"
"Lakeville",0,3,1,3,3,33,2,2025,8,"MN","Lakeville,MN","City","Lakeville,MN,City"
"Lakewood",NA,NA,NA,NA,NA,NA,NA,2025,8,"CO","Lakewood,CO","City","Lakewood,CO,City"
"Lakewood",NA,NA,NA,NA,NA,NA,NA,2025,8,"OH","Lakewood,OH","City","Lakewood,OH,City"
"Lancaster",0,2,1,10,2,65,6,2025,8,"PA","Lancaster,PA","City","Lancaster,PA,City"
"Lancaster",0,0,1,29,9,66,12,2025,8,"SC","Lancaster,SC","County","Lancaster,SC,County"
"Lansing",NA,NA,NA,NA,NA,NA,NA,2025,8,"MI","Lansing,MI","City","Lansing,MI,City"
"Laredo",1,4,7,46,28,180,27,2025,8,"TX","Laredo,TX","City","Laredo,TX,City"
"Las Vegas",5,NA,93,395,532,2233,700,2025,8,"NV","Las Vegas,NV","City","Las Vegas,NV,City"
"Lawrence",0,3,3,28,8,65,9,2025,8,"MA","Lawrence,MA","City","Lawrence,MA,City"
"Layton",0,0,2,10,8,71,4,2025,8,"UT","Layton,UT","City","Layton,UT,City"
"League City",0,1,1,4,9,93,11,2025,8,"TX","League City,TX","City","League City,TX,City"
"Leander",0,0,1,0,5,19,2,2025,8,"TX","Leander,TX","City","Leander,TX,City"
"Lee's Summit",1,1,2,8,14,167,19,2025,8,"MO","Lee's Summit,MO","City","Lee's Summit,MO,City"
"Lenexa",0,2,0,8,4,36,4,2025,8,"KS","Lenexa,KS","City","Lenexa,KS,City"
"Lewisville",0,3,3,16,15,131,22,2025,8,"TX","Lewisville,TX","City","Lewisville,TX,City"
"Lexington",0,10,12,43,49,403,50,2025,8,"KY","Lexington,KY","City","Lexington,KY,City"
"Lexington",0,2,2,59,71,221,38,2025,8,"SC","Lexington,SC","County","Lexington,SC,County"
"Lincoln",0,1,0,3,0,26,1,2025,8,"CA","Lincoln,CA","City","Lincoln,CA,City"
"Lincoln",0,16,12,76,49,359,60,2025,8,"NE","Lincoln,NE","City","Lincoln,NE,City"
"Little Elm",0,2,0,4,1,13,3,2025,8,"TX","Little Elm,TX","City","Little Elm,TX,City"
"Little Rock",1,19,30,209,95,567,57,2025,8,"AR","Little Rock,AR","City","Little Rock,AR,City"
"Livermore",0,3,2,7,11,96,19,2025,8,"CA","Livermore,CA","City","Livermore,CA,City"
"Livingston",1,3,3,34,24,88,18,2025,8,"LA","Livingston,LA","County","Livingston,LA,County"
"Livingston",0,2,1,6,2,13,3,2025,8,"MI","Livingston,MI","County","Livingston,MI,County"
"Livonia",0,0,1,7,6,73,3,2025,8,"MI","Livonia,MI","City","Livonia,MI,City"
"Logan",1,2,0,6,2,31,1,2025,8,"UT","Logan,UT","City","Logan,UT,City"
"Long Beach",3,43,55,165,150,498,254,2025,8,"CA","Long Beach,CA","City","Long Beach,CA,City"
"Longmont",NA,NA,NA,NA,NA,NA,NA,2025,8,"CO","Longmont,CO","City","Longmont,CO,City"
"Longview",0,1,1,15,9,100,11,2025,8,"TX","Longview,TX","City","Longview,TX,City"
"Lorain",1,5,4,37,17,50,28,2025,8,"OH","Lorain,OH","City","Lorain,OH,City"
"Los Angeles",14,104,606,1550,879,4564,1669,2025,8,"CA","Los Angeles,CA","City","Los Angeles,CA,City"
"Los Angeles",21,12,325,665,639,2380,1069,2025,8,"CA","Los Angeles,CA","County","Los Angeles,CA,County"
"Loudoun",NA,NA,NA,NA,NA,NA,NA,2025,8,"VA","Loudoun,VA","County","Loudoun,VA,County"
"Louisville",9,16,64,281,286,1618,463,2025,8,"KY","Louisville,KY","City","Louisville,KY,City"
"Loveland",NA,NA,NA,NA,NA,NA,NA,2025,8,"CO","Loveland,CO","City","Loveland,CO,City"
"Lowell",NA,NA,NA,NA,NA,NA,NA,2025,8,"MA","Lowell,MA","City","Lowell,MA,City"
"Lower Merion",0,0,0,2,5,56,15,2025,8,"PA","Lower Merion,PA","City","Lower Merion,PA,City"
"Lower Paxton",0,2,1,1,1,40,6,2025,8,"PA","Lower Paxton,PA","City","Lower Paxton,PA,City"
"Lubbock",NA,NA,NA,NA,NA,NA,NA,2025,8,"TX","Lubbock,TX","City","Lubbock,TX,City"
"Lynchburg",1,2,1,16,6,79,14,2025,8,"VA","Lynchburg,VA","City","Lynchburg,VA,City"
"Lynn",0,7,6,42,9,69,14,2025,8,"MA","Lynn,MA","City","Lynn,MA,City"
"Macomb",NA,NA,NA,NA,NA,NA,NA,2025,8,"MI","Macomb,MI","County","Macomb,MI,County"
"Madera",0,3,1,29,6,49,8,2025,8,"CA","Madera,CA","City","Madera,CA,City"
"Madison",NA,NA,NA,NA,NA,NA,NA,2025,7,"WI","Madison,WI","City","Madison,WI,City"
"Malden",0,0,1,10,10,36,3,2025,8,"MA","Malden,MA","City","Malden,MA,City"
"Manchester",NA,NA,NA,NA,NA,NA,NA,2025,8,"CT","Manchester,CT","City","Manchester,CT,City"
"Manchester",0,3,7,25,9,162,10,2025,8,"NH","Manchester,NH","City","Manchester,NH,City"
"Mansfield",0,1,1,5,7,83,2,2025,8,"TX","Mansfield,TX","City","Mansfield,TX,City"
"Manteca",0,5,5,18,29,47,26,2025,8,"CA","Manteca,CA","City","Manteca,CA,City"
"Maple Grove",0,0,0,4,10,105,2,2025,8,"MN","Maple Grove,MN","City","Maple Grove,MN,City"
"Marana",0,2,0,2,3,63,1,2025,8,"AZ","Marana,AZ","City","Marana,AZ,City"
"Maricopa",0,3,0,13,8,43,4,2025,8,"AZ","Maricopa,AZ","City","Maricopa,AZ,City"
"Marietta",NA,NA,NA,NA,NA,NA,NA,2025,8,"GA","Marietta,GA","City","Marietta,GA,City"
"McAllen",0,3,1,14,4,167,3,2025,8,"TX","McAllen,TX","City","McAllen,TX,City"
"Mckinney",0,4,5,17,22,106,13,2025,8,"TX","Mckinney,TX","City","Mckinney,TX,City"
"Medford",NA,NA,NA,NA,NA,NA,NA,2025,8,"MA","Medford,MA","City","Medford,MA,City"
"Medford",NA,NA,NA,NA,NA,NA,NA,2025,8,"OR","Medford,OR","City","Medford,OR,City"
"Memphis",11,26,141,782,409,1717,426,2025,8,"TN","Memphis,TN","City","Memphis,TN,City"
"Merced",5,7,18,65,22,148,22,2025,8,"CA","Merced,CA","City","Merced,CA,City"
"Meriden",0,1,0,0,5,44,3,2025,8,"CT","Meriden,CT","City","Meriden,CT,City"
"Meridian",0,5,0,11,6,35,4,2025,8,"ID","Meridian,ID","City","Meridian,ID,City"
"Mesa",0,13,17,175,55,355,60,2025,8,"AZ","Mesa,AZ","City","Mesa,AZ,City"
"Mesquite",0,5,12,36,20,201,39,2025,8,"TX","Mesquite,TX","City","Mesquite,TX,City"
"Methuen",NA,NA,NA,NA,NA,NA,NA,2025,8,"MA","Methuen,MA","City","Methuen,MA,City"
"Miami Beach",0,5,11,23,48,339,11,2025,8,"FL","Miami Beach,FL","City","Miami Beach,FL,City"
"Miami",3,12,37,91,66,765,81,2025,8,"FL","Miami,FL","City","Miami,FL,City"
"Middletown",NA,NA,NA,NA,NA,NA,NA,2025,8,"OH","Middletown,OH","City","Middletown,OH,City"
"Midland",NA,NA,NA,NA,NA,NA,NA,2025,8,"TX","Midland,TX","City","Midland,TX,City"
"Midwest City",0,4,1,10,6,90,7,2025,8,"OK","Midwest City,OK","City","Midwest City,OK,City"
"Milford",1,1,1,1,3,75,8,2025,8,"CT","Milford,CT","City","Milford,CT,City"
"Millcreek",0,1,0,3,3,33,1,2025,8,"PA","Millcreek,PA","City","Millcreek,PA,City"
"Milpitas",0,NA,10,9,6,122,9,2025,7,"CA","Milpitas,CA","City","Milpitas,CA,City"
"Milwaukee",13,21,102,448,177,522,429,2025,7,"WI","Milwaukee,WI","City","Milwaukee,WI,City"
"Minneapolis",6,40,108,316,253,1216,504,2025,8,"MN","Minneapolis,MN","City","Minneapolis,MN,City"
"Minnetonka",0,1,0,3,3,52,2,2025,8,"MN","Minnetonka,MN","City","Minnetonka,MN,City"
"Mission Viejo",0,0,3,7,6,53,6,2025,8,"CA","Mission Viejo,CA","City","Mission Viejo,CA,City"
"Mission",0,2,1,8,4,73,2,2025,8,"TX","Mission,TX","City","Mission,TX,City"
"Missoula",0,3,4,37,18,175,10,2025,8,"MT","Missoula,MT","City","Missoula,MT,City"
"Missouri City",0,1,6,18,12,45,6,2025,8,"TX","Missouri City,TX","City","Missouri City,TX,City"
"Mobile",2,NA,NA,NA,NA,NA,NA,2025,8,"AL","Mobile,AL","City","Mobile,AL,City"
"Monterey Park",0,1,2,6,20,48,22,2025,8,"CA","Monterey Park,CA","City","Monterey Park,CA,City"
"Monterey",0,1,5,19,17,47,2,2025,8,"CA","Monterey,CA","County","Monterey,CA,County"
"Montgomery",3,23,44,68,116,1160,244,2025,8,"MD","Montgomery,MD","County","Montgomery,MD,County"
"Montgomery",0,22,2,46,57,273,40,2025,8,"TX","Montgomery,TX","County","Montgomery,TX,County"
"Moore",0,4,0,11,15,49,7,2025,8,"OK","Moore,OK","City","Moore,OK,City"
"Mooresville",NA,NA,NA,NA,NA,NA,NA,2025,8,"NC","Mooresville,NC","City","Mooresville,NC,City"
"Mount Pleasant",0,0,1,11,3,54,9,2025,8,"SC","Mount Pleasant,SC","City","Mount Pleasant,SC,City"
"Mount Prospect",NA,NA,NA,NA,NA,NA,NA,2025,8,"IL","Mount Prospect,IL","City","Mount Prospect,IL,City"
"Mount Vernon",0,1,7,22,8,63,13,2025,8,"NY","Mount Vernon,NY","City","Mount Vernon,NY,City"
"Mountain View",0,1,2,16,32,144,12,2025,8,"CA","Mountain View,CA","City","Mountain View,CA,City"
"Muncie",0,2,0,14,9,48,16,2025,8,"IN","Muncie,IN","City","Muncie,IN,City"
"Murfreesboro",0,5,2,51,21,196,14,2025,8,"TN","Murfreesboro,TN","City","Murfreesboro,TN,City"
"Murrieta",0,1,3,12,16,45,9,2025,8,"CA","Murrieta,CA","City","Murrieta,CA,City"
"Nampa",1,9,0,30,9,64,7,2025,8,"ID","Nampa,ID","City","Nampa,ID,City"
"Napa",0,1,4,18,3,47,4,2025,8,"CA","Napa,CA","City","Napa,CA,City"
"Nashua",NA,NA,NA,NA,NA,NA,NA,2025,2,"NH","Nashua,NH","City","Nashua,NH,City"
"Nashville",5,39,51,358,200,1551,204,2025,8,"TN","Nashville,TN","City","Nashville,TN,City"
"Nassau",NA,NA,NA,NA,NA,NA,NA,2025,5,"NY","Nassau,NY","County","Nassau,NY,County"
"National City",1,1,2,20,0,59,18,2025,8,"CA","National City,CA","City","National City,CA,City"
"New Bedford",0,3,6,17,17,90,21,2025,8,"MA","New Bedford,MA","City","New Bedford,MA,City"
"New Braunfels",1,3,0,16,6,114,3,2025,8,"TX","New Braunfels,TX","City","New Braunfels,TX,City"
"New Britain",1,0,2,12,7,80,31,2025,8,"CT","New Britain,CT","City","New Britain,CT,City"
"New Hanover",0,5,0,13,19,69,3,2025,8,"NC","New Hanover,NC","County","New Hanover,NC,County"
"New Haven",NA,NA,NA,NA,NA,NA,NA,2025,8,"CT","New Haven,CT","City","New Haven,CT,City"
"New Orleans",10,NA,28,93,109,745,205,2025,8,"LA","New Orleans,LA","City","New Orleans,LA,City"
"New Rochelle",NA,NA,NA,NA,NA,NA,NA,2025,8,"NY","New Rochelle,NY","City","New Rochelle,NY,City"
"New York City",33,166,1406,2545,1010,4304,1359,2025,8,"NY","New York City,NY","City","New York City,NY,City"
"Newark",NA,NA,NA,NA,NA,NA,NA,2025,8,"NJ","Newark,NJ","City","Newark,NJ,City"
"Newark",0,1,1,11,4,60,11,2025,8,"OH","Newark,OH","City","Newark,OH,City"
"Newport Beach",0,1,5,15,16,74,10,2025,8,"CA","Newport Beach,CA","City","Newport Beach,CA,City"
"Newport News",0,5,12,105,28,258,22,2025,8,"VA","Newport News,VA","City","Newport News,VA,City"
"Newton",NA,NA,NA,NA,NA,NA,NA,2025,8,"MA","Newton,MA","City","Newton,MA,City"
"Noblesville",0,1,0,5,3,22,1,2025,8,"IN","Noblesville,IN","City","Noblesville,IN,City"
"Norfolk",1,6,18,67,60,457,63,2025,8,"VA","Norfolk,VA","City","Norfolk,VA,City"
"Normal",NA,NA,NA,NA,NA,NA,NA,2025,8,"IL","Normal,IL","City","Normal,IL,City"
"Norman",NA,NA,NA,NA,NA,NA,NA,2025,4,"OK","Norman,OK","City","Norman,OK,City"
"North Bergen Township",0,0,0,5,0,31,11,2025,8,"NJ","North Bergen Township,NJ","City","North Bergen Township,NJ,City"
"North Charleston",0,7,15,34,25,259,27,2025,8,"SC","North Charleston,SC","City","North Charleston,SC,City"
"North Las Vegas",NA,NA,NA,NA,NA,NA,NA,2025,7,"NV","North Las Vegas,NV","City","North Las Vegas,NV,City"
"North Little Rock",0,0,7,58,38,198,18,2025,8,"AR","North Little Rock,AR","City","North Little Rock,AR,City"
"North Richland Hills",0,2,1,4,9,86,9,2025,8,"TX","North Richland Hills,TX","City","North Richland Hills,TX,City"
"Norwalk",NA,NA,NA,NA,NA,NA,NA,2025,8,"CT","Norwalk,CT","City","Norwalk,CT,City"
"Novato",0,0,5,7,2,52,9,2025,8,"CA","Novato,CA","City","Novato,CA,City"
"Novi",0,0,0,7,0,18,4,2025,8,"MI","Novi,MI","City","Novi,MI,City"
"O'Fallon",0,3,0,1,3,52,5,2025,8,"MO","O'Fallon,MO","City","O'Fallon,MO,City"
"Oak Lawn",0,0,1,1,1,49,7,2025,8,"IL","Oak Lawn,IL","City","Oak Lawn,IL,City"
"Oceanside",0,4,5,39,37,183,25,2025,8,"CA","Oceanside,CA","City","Oceanside,CA,City"
"Odessa",0,3,1,32,20,64,18,2025,8,"TX","Odessa,TX","City","Odessa,TX,City"
"Ogden",0,3,6,26,17,107,9,2025,8,"UT","Ogden,UT","City","Ogden,UT,City"
"Oklahoma City",6,45,56,283,343,1121,185,2025,8,"OK","Oklahoma City,OK","City","Oklahoma City,OK,City"
"Omaha",1,15,18,139,90,1032,170,2025,8,"NE","Omaha,NE","City","Omaha,NE,City"
"Onslow",NA,NA,NA,NA,NA,NA,NA,2025,8,"NC","Onslow,NC","County","Onslow,NC,County"
"Orem",0,5,0,5,1,81,6,2025,8,"UT","Orem,UT","City","Orem,UT,City"
"Oshkosh",1,2,0,6,4,52,1,2025,7,"WI","Oshkosh,WI","City","Oshkosh,WI,City"
"Ottawa",NA,NA,NA,NA,NA,NA,NA,2025,8,"MI","Ottawa,MI","County","Ottawa,MI,County"
"Owensboro",NA,NA,NA,NA,NA,NA,NA,2025,8,"KY","Owensboro,KY","City","Owensboro,KY,City"
"Oxnard",0,2,5,76,19,129,31,2025,8,"CA","Oxnard,CA","City","Oxnard,CA,City"
"Palatine",0,3,0,5,1,28,1,2025,8,"IL","Palatine,IL","City","Palatine,IL,City"
"Palo Alto",0,0,1,2,14,178,11,2025,8,"CA","Palo Alto,CA","City","Palo Alto,CA,City"
"Parker",0,2,2,10,6,52,5,2025,8,"CO","Parker,CO","City","Parker,CO,City"
"Parker",0,4,2,10,14,43,4,2025,8,"TX","Parker,TX","County","Parker,TX,County"
"Parma",NA,NA,NA,NA,NA,NA,NA,2025,8,"OH","Parma,OH","City","Parma,OH,City"
"Pasadena",0,8,17,33,41,198,18,2025,8,"CA","Pasadena,CA","City","Pasadena,CA,City"
"Pasadena",NA,NA,NA,NA,NA,NA,NA,2025,8,"TX","Pasadena,TX","City","Pasadena,TX,City"
"Paterson",2,3,29,78,37,243,72,2025,8,"NJ","Paterson,NJ","City","Paterson,NJ,City"
"Paulding",0,5,1,33,6,54,4,2025,8,"GA","Paulding,GA","County","Paulding,GA,County"
"Pawtucket",0,6,6,6,13,54,11,2025,8,"RI","Pawtucket,RI","City","Pawtucket,RI,City"
"Peabody",NA,NA,NA,NA,NA,NA,NA,2025,8,"MA","Peabody,MA","City","Peabody,MA,City"
"Pearland",0,4,3,5,2,102,10,2025,8,"TX","Pearland,TX","City","Pearland,TX,City"
"Peoria",NA,NA,NA,NA,NA,NA,NA,2025,8,"AZ","Peoria,AZ","City","Peoria,AZ,City"
"Petaluma",0,3,0,7,4,46,10,2025,8,"CA","Petaluma,CA","City","Petaluma,CA,City"
"Pflugerville",0,3,0,6,6,74,14,2025,8,"TX","Pflugerville,TX","City","Pflugerville,TX,City"
"Pharr",0,3,1,7,8,62,2,2025,8,"TX","Pharr,TX","City","Pharr,TX,City"
"Philadelphia",16,56,325,705,451,3897,1620,2025,8,"PA","Philadelphia,PA","City","Philadelphia,PA,City"
"Phoenix",9,97,208,705,338,1826,459,2025,8,"AZ","Phoenix,AZ","City","Phoenix,AZ,City"
"Pima",0,2,3,53,72,395,47,2025,7,"AZ","Pima,AZ","County","Pima,AZ,County"
"Pinal",0,1,0,26,15,61,18,2025,7,"AZ","Pinal,AZ","County","Pinal,AZ,County"
"Pittsburgh",4,13,37,81,58,589,87,2025,8,"PA","Pittsburgh,PA","City","Pittsburgh,PA,City"
"Pittsfield",0,3,7,27,11,18,6,2025,7,"MA","Pittsfield,MA","City","Pittsfield,MA,City"
"Placer",0,2,3,50,6,48,7,2025,8,"CA","Placer,CA","County","Placer,CA,County"
"Plano",0,9,7,34,26,248,26,2025,8,"TX","Plano,TX","City","Plano,TX,City"
"Pleasanton",1,1,3,6,6,49,16,2025,8,"CA","Pleasanton,CA","City","Pleasanton,CA,City"
"Plymouth",NA,NA,NA,NA,NA,NA,NA,2025,8,"MA","Plymouth,MA","City","Plymouth,MA,City"
"Plymouth",0,0,2,3,6,42,5,2025,8,"MN","Plymouth,MN","City","Plymouth,MN,City"
"Pocatello",0,1,0,8,11,39,3,2025,8,"ID","Pocatello,ID","City","Pocatello,ID,City"
"Pomona",1,4,25,67,36,132,45,2025,8,"CA","Pomona,CA","City","Pomona,CA,City"
"Pontiac",0,1,3,36,21,78,15,2025,8,"MI","Pontiac,MI","City","Pontiac,MI,City"
"Port Arthur",1,4,1,25,16,51,1,2025,8,"TX","Port Arthur,TX","City","Port Arthur,TX,City"
"Porterville",0,2,2,18,2,51,9,2025,8,"CA","Porterville,CA","City","Porterville,CA,City"
"Portland",2,21,78,266,266,2309,273,2025,8,"OR","Portland,OR","City","Portland,OR,City"
"Portsmouth",2,3,7,51,25,185,48,2025,8,"VA","Portsmouth,VA","City","Portsmouth,VA,City"
"Prescott Valley",0,3,0,14,0,14,3,2025,8,"AZ","Prescott Valley,AZ","City","Prescott Valley,AZ,City"
"Prince George's",4,13,47,92,60,729,389,2025,8,"MD","Prince George's,MD","County","Prince George's,MD,County"
"Prince William",NA,NA,NA,NA,NA,NA,NA,2025,8,"VA","Prince William,VA","County","Prince William,VA,County"
"Providence",0,4,9,40,16,201,32,2025,8,"RI","Providence,RI","City","Providence,RI,City"
"Provo",NA,NA,NA,NA,NA,NA,NA,2025,8,"UT","Provo,UT","City","Provo,UT,City"
"Pueblo",NA,NA,NA,NA,NA,NA,NA,2025,8,"CO","Pueblo,CO","City","Pueblo,CO,City"
"Quincy",0,1,2,22,9,96,6,2025,8,"MA","Quincy,MA","City","Quincy,MA,City"
"Racine",NA,NA,NA,NA,NA,NA,NA,2025,7,"WI","Racine,WI","City","Racine,WI,City"
"Raleigh",2,14,40,128,91,773,143,2025,8,"NC","Raleigh,NC","City","Raleigh,NC,City"
"Rapid City",NA,NA,NA,NA,NA,NA,NA,2025,8,"SD","Rapid City,SD","City","Rapid City,SD,City"
"Reading",1,1,6,18,14,98,25,2025,8,"PA","Reading,PA","City","Reading,PA,City"
"Redlands",0,2,5,8,13,78,18,2025,8,"CA","Redlands,CA","City","Redlands,CA,City"
"Redmond",NA,NA,NA,NA,NA,NA,NA,2025,8,"WA","Redmond,WA","City","Redmond,WA,City"
"Redondo Beach",0,3,4,10,17,87,20,2025,8,"CA","Redondo Beach,CA","City","Redondo Beach,CA,City"
"Redwood City",0,3,8,14,7,81,13,2025,8,"CA","Redwood City,CA","City","Redwood City,CA,City"
"Reno",NA,NA,NA,NA,NA,NA,NA,2025,7,"NV","Reno,NV","City","Reno,NV,City"
"Revere",0,0,0,13,4,35,4,2025,8,"MA","Revere,MA","City","Revere,MA,City"
"Richardson",0,0,1,10,20,121,20,2025,8,"TX","Richardson,TX","City","Richardson,TX,City"
"Richland",0,3,2,10,14,77,7,2025,8,"WA","Richland,WA","City","Richland,WA,City"
"Richmond",0,6,14,66,45,129,60,2025,8,"CA","Richmond,CA","City","Richmond,CA,City"
"Richmond",7,5,21,67,43,476,70,2025,8,"VA","Richmond,VA","City","Richmond,VA,City"
"Riverside",2,NA,34,112,75,492,85,2025,8,"CA","Riverside,CA","City","Riverside,CA,City"
"Roanoke",0,5,14,18,24,185,16,2025,8,"VA","Roanoke,VA","City","Roanoke,VA,City"
"Rochester",NA,NA,NA,NA,NA,NA,NA,2025,8,"MI","Rochester,MI","City","Rochester,MI,City"
"Rochester",NA,NA,NA,NA,NA,NA,NA,2025,8,"MN","Rochester,MN","City","Rochester,MN,City"
"Rochester",5,NA,25,89,66,359,149,2025,8,"NY","Rochester,NY","City","Rochester,NY,City"
"Rock Hill",0,0,1,12,9,111,12,2025,8,"SC","Rock Hill,SC","City","Rock Hill,SC,City"
"Rockford",1,12,15,98,38,244,101,2025,8,"IL","Rockford,IL","City","Rockford,IL,City"
"Rocklin",0,1,0,11,4,53,2,2025,8,"CA","Rocklin,CA","City","Rocklin,CA,City"
"Rockwall",0,2,1,11,1,36,1,2025,8,"TX","Rockwall,TX","City","Rockwall,TX,City"
"Rocky Mount",NA,NA,NA,NA,NA,NA,NA,2025,8,"NC","Rocky Mount,NC","City","Rocky Mount,NC,City"
"Roseville",0,4,7,24,9,128,7,2025,8,"CA","Roseville,CA","City","Roseville,CA,City"
"Roswell",0,2,2,3,4,58,4,2025,8,"GA","Roswell,GA","City","Roswell,GA,City"
"Round Rock",0,1,1,6,13,129,6,2025,8,"TX","Round Rock,TX","City","Round Rock,TX,City"
"Rowlett",1,0,2,15,8,61,2,2025,8,"TX","Rowlett,TX","City","Rowlett,TX,City"
"Royal Oak",0,0,1,7,3,38,5,2025,8,"MI","Royal Oak,MI","City","Royal Oak,MI,City"
"Rutherford",0,1,0,22,3,16,3,2025,8,"TN","Rutherford,TN","County","Rutherford,TN,County"
"Sacramento",5,11,64,215,155,485,171,2025,8,"CA","Sacramento,CA","City","Sacramento,CA,City"
"Sacramento",NA,NA,NA,NA,NA,NA,NA,2025,8,"CA","Sacramento,CA","County","Sacramento,CA,County"
"Salem",NA,NA,NA,NA,NA,NA,NA,2025,8,"OR","Salem,OR","City","Salem,OR,City"
"Salt Lake City",0,40,43,93,73,796,62,2025,8,"UT","Salt Lake City,UT","City","Salt Lake City,UT,City"
"San Angelo",0,4,3,19,27,150,8,2025,8,"TX","San Angelo,TX","City","San Angelo,TX,City"
"San Antonio",9,100,101,449,602,3489,787,2025,8,"TX","San Antonio,TX","City","San Antonio,TX,City"
"San Bernardino",1,10,51,184,87,239,81,2025,5,"CA","San Bernardino,CA","City","San Bernardino,CA,City"
"San Diego",1,52,81,343,165,1627,404,2025,8,"CA","San Diego,CA","City","San Diego,CA,City"
"San Diego",0,15,22,154,84,328,97,2025,8,"CA","San Diego,CA","County","San Diego,CA,County"
"San Francisco",1,20,154,180,346,1481,260,2025,8,"CA","San Francisco,CA","City","San Francisco,CA,City"
"San Jose",2,45,86,317,271,1048,464,2025,8,"CA","San Jose,CA","City","San Jose,CA,City"
"San Marcos",0,6,4,28,17,77,11,2025,8,"TX","San Marcos,TX","City","San Marcos,TX,City"
"San Mateo",0,1,6,12,6,106,10,2025,8,"CA","San Mateo,CA","City","San Mateo,CA,City"
"San Mateo",1,2,5,7,12,69,15,2025,8,"CA","San Mateo,CA","County","San Mateo,CA,County"
"San Rafael",0,2,2,12,7,65,18,2025,8,"CA","San Rafael,CA","City","San Rafael,CA,City"
"Sandy",NA,NA,NA,NA,NA,NA,NA,2025,8,"UT","Sandy,UT","City","Sandy,UT,City"
"Santa Clara",0,3,4,12,38,226,36,2025,8,"CA","Santa Clara,CA","City","Santa Clara,CA,City"
"Santa Cruz",0,2,2,17,8,107,5,2025,8,"CA","Santa Cruz,CA","City","Santa Cruz,CA,City"
"Santa Cruz",0,2,2,9,15,51,5,2025,8,"CA","Santa Cruz,CA","County","Santa Cruz,CA,County"
"Santa Fe",1,NA,9,NA,55,281,26,2025,8,"NM","Santa Fe,NM","City","Santa Fe,NM,City"
"Santa Maria",1,6,16,44,21,104,21,2025,8,"CA","Santa Maria,CA","City","Santa Maria,CA,City"
"Santa Monica",0,5,18,25,39,207,29,2025,6,"CA","Santa Monica,CA","City","Santa Monica,CA,City"
"Santa Rosa",1,10,8,22,18,151,25,2025,8,"CA","Santa Rosa,CA","City","Santa Rosa,CA,City"
"Sarasota",2,0,3,24,18,171,16,2025,8,"FL","Sarasota,FL","County","Sarasota,FL,County"
"Saratoga Springs",NA,NA,NA,NA,NA,NA,NA,2025,8,"UT","Saratoga Springs,UT","City","Saratoga Springs,UT,City"
"Saratoga",NA,NA,NA,NA,NA,NA,NA,2025,8,"NY","Saratoga,NY","County","Saratoga,NY,County"
"Schaumburg",0,3,0,2,3,77,2,2025,8,"IL","Schaumburg,IL","City","Schaumburg,IL,City"
"Schenectady",NA,NA,NA,NA,NA,NA,NA,2025,8,"NY","Schenectady,NY","City","Schenectady,NY,City"
"Scottsdale",0,8,5,21,27,244,17,2025,8,"AZ","Scottsdale,AZ","City","Scottsdale,AZ,City"
"Scranton",0,9,3,6,13,62,6,2025,8,"PA","Scranton,PA","City","Scranton,PA,City"
"Seattle",3,23,142,319,645,2018,607,2025,8,"WA","Seattle,WA","City","Seattle,WA,City"
"Shawnee",0,1,3,18,6,51,4,2025,8,"KS","Shawnee,KS","City","Shawnee,KS,City"
"Shelby Township",0,0,0,10,4,36,4,2025,8,"MI","Shelby Township,MI","City","Shelby Township,MI,City"
"Shelby",1,3,0,35,25,83,41,2025,8,"TN","Shelby,TN","County","Shelby,TN,County"
"Shreveport",4,12,10,172,58,360,55,2025,8,"LA","Shreveport,LA","City","Shreveport,LA,City"
"Simi Valley",0,1,2,13,13,50,10,2025,8,"CA","Simi Valley,CA","City","Simi Valley,CA,City"
"Sioux City",0,4,7,23,25,157,10,2025,8,"IA","Sioux City,IA","City","Sioux City,IA,City"
"Sioux Falls",0,4,6,60,34,374,43,2025,8,"SD","Sioux Falls,SD","City","Sioux Falls,SD,City"
"Skokie",0,2,3,4,6,127,9,2025,8,"IL","Skokie,IL","City","Skokie,IL,City"
"Smith",0,7,0,18,9,39,9,2025,8,"TX","Smith,TX","County","Smith,TX,County"
"Smyrna",0,4,0,15,7,82,17,2025,8,"TN","Smyrna,TN","City","Smyrna,TN,City"
"Somerville",0,2,2,12,12,127,12,2025,8,"MA","Somerville,MA","City","Somerville,MA,City"
"Sonoma",1,4,3,19,26,31,0,2025,8,"CA","Sonoma,CA","County","Sonoma,CA,County"
"South Bend",2,3,5,83,56,199,24,2025,8,"IN","South Bend,IN","City","South Bend,IN,City"
"South Jordan",0,0,1,4,7,46,4,2025,8,"UT","South Jordan,UT","City","South Jordan,UT,City"
"South San Francisco",0,1,0,18,6,61,10,2025,8,"CA","South San Francisco,CA","City","South San Francisco,CA,City"
"Southaven",1,3,0,10,10,57,5,2025,8,"MS","Southaven,MS","City","Southaven,MS,City"
"Southfield",0,3,4,36,18,119,36,2025,8,"MI","Southfield,MI","City","Southfield,MI,City"
"Sparks",NA,NA,NA,NA,NA,NA,NA,2025,7,"NV","Sparks,NV","City","Sparks,NV,City"
"Spokane Valley",NA,NA,NA,NA,NA,NA,NA,2025,8,"WA","Spokane Valley,WA","City","Spokane Valley,WA,City"
"Spokane",1,20,20,86,119,707,90,2025,8,"WA","Spokane,WA","City","Spokane,WA,City"
"Spotsylvania",0,2,1,16,2,33,2,2025,8,"VA","Spotsylvania,VA","County","Spotsylvania,VA,County"
"Spring Hill",1,1,0,4,2,16,0,2025,8,"TN","Spring Hill,TN","City","Spring Hill,TN,City"
"Springfield",1,9,15,78,95,314,85,2025,8,"IL","Springfield,IL","City","Springfield,IL,City"
"Springfield",NA,NA,NA,NA,NA,NA,NA,2025,8,"MA","Springfield,MA","City","Springfield,MA,City"
"Springfield",NA,NA,NA,NA,NA,NA,NA,2025,8,"MO","Springfield,MO","City","Springfield,MO,City"
"Springfield",0,1,4,63,40,122,15,2025,8,"OH","Springfield,OH","City","Springfield,OH,City"
"Springfield",NA,NA,NA,NA,NA,NA,NA,2025,8,"OR","Springfield,OR","City","Springfield,OR,City"
"St Charles",0,2,1,6,5,28,6,2025,8,"MO","St Charles,MO","City","St Charles,MO,City"
"St Charles",0,0,0,5,0,13,1,2025,8,"MO","St Charles,MO","County","St Charles,MO,County"
"St Joseph",0,1,0,7,6,42,3,2025,3,"IN","St Joseph,IN","County","St Joseph,IN,County"
"St Joseph",0,14,0,24,31,173,14,2025,8,"MO","St Joseph,MO","City","St Joseph,MO,City"
"St Louis",12,5,47,259,181,719,333,2025,8,"MO","St Louis,MO","City","St Louis,MO,City"
"St Louis",1,3,14,81,55,283,116,2025,8,"MO","St Louis,MO","County","St Louis,MO,County"
"St Peters",0,1,0,8,6,34,5,2025,8,"MO","St Peters,MO","City","St Peters,MO,City"
"St. Clair Shores",0,2,0,6,3,29,9,2025,8,"MI","St. Clair Shores,MI","City","St. Clair Shores,MI,City"
"St. Cloud",0,5,3,8,17,118,16,2025,8,"MN","St. Cloud,MN","City","St. Cloud,MN,City"
"St. George",0,3,2,7,7,49,3,2025,8,"UT","St. George,UT","City","St. George,UT,City"
"St. Mary's",NA,NA,NA,NA,NA,NA,NA,2025,8,"MD","St. Mary's,MD","County","St. Mary's,MD,County"
"St. Paul",NA,NA,NA,NA,NA,NA,NA,2025,8,"MN","St. Paul,MN","City","St. Paul,MN,City"
"Stafford",NA,NA,NA,NA,NA,NA,NA,2025,8,"VA","Stafford,VA","County","Stafford,VA,County"
"Stamford",0,0,8,8,6,91,20,2025,8,"CT","Stamford,CT","City","Stamford,CT,City"
"Stark",0,1,1,18,17,81,11,2025,8,"OH","Stark,OH","County","Stark,OH,County"
"State College",0,1,0,3,1,41,1,2025,8,"PA","State College,PA","City","State College,PA,City"
"Sterling Heights",0,9,0,20,8,117,13,2025,8,"MI","Sterling Heights,MI","City","Sterling Heights,MI,City"
"Stockton",5,12,86,215,130,407,110,2025,8,"CA","Stockton,CA","City","Stockton,CA,City"
"Stratford",0,0,1,1,5,39,11,2025,8,"CT","Stratford,CT","City","Stratford,CT,City"
"Suffolk",0,1,4,14,8,92,5,2025,8,"VA","Suffolk,VA","City","Suffolk,VA,City"
"Sugar Land",0,0,1,3,12,107,4,2025,8,"TX","Sugar Land,TX","City","Sugar Land,TX,City"
"Sunnyvale",0,2,7,21,34,181,23,2025,8,"CA","Sunnyvale,CA","City","Sunnyvale,CA,City"
"Surprise",0,2,3,10,12,102,10,2025,8,"AZ","Surprise,AZ","City","Surprise,AZ,City"
"Tacoma",1,NA,36,85,90,480,240,2025,8,"WA","Tacoma,WA","City","Tacoma,WA,City"
"Taunton",0,0,1,14,3,34,9,2025,8,"MA","Taunton,MA","City","Taunton,MA,City"
"Taylor",1,3,0,39,19,95,17,2025,8,"MI","Taylor,MI","City","Taylor,MI,City"
"Tempe",0,12,4,58,38,266,29,2025,8,"AZ","Tempe,AZ","City","Tempe,AZ,City"
"Temple",NA,NA,NA,NA,NA,NA,NA,2025,8,"TX","Temple,TX","City","Temple,TX,City"
"Terre Haute",NA,NA,NA,NA,NA,NA,NA,2025,8,"IN","Terre Haute,IN","City","Terre Haute,IN,City"
"Texas City",NA,NA,NA,NA,NA,NA,NA,2025,8,"TX","Texas City,TX","City","Texas City,TX,City"
"Thornton",0,10,1,17,28,234,46,2025,8,"CO","Thornton,CO","City","Thornton,CO,City"
"Thousand Oaks",0,0,1,13,10,102,3,2025,8,"CA","Thousand Oaks,CA","City","Thousand Oaks,CA,City"
"Thurston",0,1,4,14,12,25,9,2025,8,"WA","Thurston,WA","County","Thurston,WA,County"
"Tigard",0,1,5,9,9,115,7,2025,8,"OR","Tigard,OR","City","Tigard,OR,City"
"Tinley Park",0,2,1,2,7,47,6,2025,8,"IL","Tinley Park,IL","City","Tinley Park,IL,City"
"Toledo",NA,NA,NA,NA,NA,NA,NA,2025,8,"OH","Toledo,OH","City","Toledo,OH,City"
"Torrance",0,3,7,23,35,176,51,2025,8,"CA","Torrance,CA","City","Torrance,CA,City"
"Tracy",1,6,2,6,9,92,21,2025,8,"CA","Tracy,CA","City","Tracy,CA,City"
"Travis",2,9,9,59,50,170,49,2025,8,"TX","Travis,TX","County","Travis,TX,County"
"Troy",0,0,0,5,4,76,8,2025,8,"MI","Troy,MI","City","Troy,MI,City"
"Tucson",5,36,48,177,148,1088,152,2025,8,"AZ","Tucson,AZ","City","Tucson,AZ,City"
"Tulare",0,3,3,27,7,52,13,2025,8,"CA","Tulare,CA","City","Tulare,CA,City"
"Tulare",0,5,6,32,22,96,3,2025,8,"CA","Tulare,CA","County","Tulare,CA,County"
"Tulsa",3,36,36,165,236,789,128,2025,8,"OK","Tulsa,OK","City","Tulsa,OK,City"
"Tustin",0,0,3,7,6,76,16,2025,8,"CA","Tustin,CA","City","Tustin,CA,City"
"Twin Falls",0,1,0,10,6,24,2,2025,8,"ID","Twin Falls,ID","City","Twin Falls,ID,City"
"Tyler",0,6,5,27,11,151,12,2025,8,"TX","Tyler,TX","City","Tyler,TX,City"
"Union",NA,NA,NA,NA,NA,NA,NA,2025,8,"NC","Union,NC","County","Union,NC,County"
"Upper Darby",0,2,13,9,10,172,17,2025,8,"PA","Upper Darby,PA","City","Upper Darby,PA,City"
"Utica",NA,NA,NA,NA,NA,NA,NA,2025,8,"NY","Utica,NY","City","Utica,NY,City"
"Vacaville",1,3,7,9,5,103,2,2025,8,"CA","Vacaville,CA","City","Vacaville,CA,City"
"Vallejo",2,1,19,54,21,179,53,2025,8,"CA","Vallejo,CA","City","Vallejo,CA,City"
"Ventura",0,4,6,26,21,145,14,2025,8,"CA","Ventura,CA","City","Ventura,CA,City"
"Victoria",2,0,3,19,10,81,2,2025,8,"TX","Victoria,TX","City","Victoria,TX,City"
"Virginia Beach",0,4,5,17,23,436,30,2025,8,"VA","Virginia Beach,VA","City","Virginia Beach,VA,City"
"Visalia",0,10,5,27,26,136,24,2025,8,"CA","Visalia,CA","City","Visalia,CA,City"
"Waco",0,14,6,35,33,143,34,2025,8,"TX","Waco,TX","City","Waco,TX,City"
"Wake Forest",0,0,0,2,3,34,3,2025,8,"NC","Wake Forest,NC","City","Wake Forest,NC,City"
"Wake",0,2,2,25,24,37,13,2025,8,"NC","Wake,NC","County","Wake,NC,County"
"Walnut Creek",0,2,3,6,14,111,11,2025,8,"CA","Walnut Creek,CA","City","Walnut Creek,CA,City"
"Waltham",0,0,1,8,8,36,1,2025,8,"MA","Waltham,MA","City","Waltham,MA,City"
"Warner Robins",0,2,5,46,26,178,14,2025,8,"GA","Warner Robins,GA","City","Warner Robins,GA,City"
"Warren",0,4,4,63,17,124,25,2025,8,"MI","Warren,MI","City","Warren,MI,City"
"Warren",0,0,0,3,2,69,5,2025,8,"OH","Warren,OH","County","Warren,OH,County"
"Warwick",0,2,1,5,6,56,4,2025,8,"RI","Warwick,RI","City","Warwick,RI,City"
"Washington",8,NA,82,NA,54,1670,314,2025,8,"DC","Washington,DC","City","Washington,DC,City"
"Washington",0,1,1,17,7,36,16,2025,8,"MD","Washington,MD","County","Washington,MD,County"
"Washington",0,8,3,21,22,123,20,2025,8,"OR","Washington,OR","County","Washington,OR,County"
"Washoe",1,3,2,19,7,32,12,2025,5,"NV","Washoe,NV","County","Washoe,NV,County"
"Washtenaw",0,5,4,29,13,52,17,2025,8,"MI","Washtenaw,MI","County","Washtenaw,MI,County"
"Waterbury",0,4,8,5,16,163,19,2025,8,"CT","Waterbury,CT","City","Waterbury,CT,City"
"Waterford Township",0,0,0,14,6,36,6,2025,8,"MI","Waterford Township,MI","City","Waterford Township,MI,City"
"Waterloo",0,2,3,23,38,102,16,2025,8,"IA","Waterloo,IA","City","Waterloo,IA,City"
"Waukesha",0,1,0,1,3,25,3,2025,7,"WI","Waukesha,WI","City","Waukesha,WI,City"
"Wayne Township",0,0,0,3,2,55,1,2025,8,"NJ","Wayne Township,NJ","City","Wayne Township,NJ,City"
"West Allis",0,0,1,6,4,59,9,2025,7,"WI","West Allis,WI","City","West Allis,WI,City"
"West Bloomfield Township",0,0,0,7,1,16,4,2025,8,"MI","West Bloomfield Township,MI","City","West Bloomfield Township,MI,City"
"West Chester Township",NA,NA,NA,NA,NA,NA,NA,2025,8,"OH","West Chester Township,OH","City","West Chester Township,OH,City"
"West Covina",0,1,6,7,13,120,17,2025,8,"CA","West Covina,CA","City","West Covina,CA,City"
"West Des Moines",0,2,1,9,9,79,5,2025,8,"IA","West Des Moines,IA","City","West Des Moines,IA,City"
"West Hartford",0,2,2,0,7,108,6,2025,8,"CT","West Hartford,CT","City","West Hartford,CT,City"
"West Haven",0,0,1,2,4,27,13,2025,8,"CT","West Haven,CT","City","West Haven,CT,City"
"West Jordan",0,8,5,16,17,87,13,2025,8,"UT","West Jordan,UT","City","West Jordan,UT,City"
"West New York",0,1,7,8,6,51,5,2025,8,"NJ","West New York,NJ","City","West New York,NJ,City"
"West Valley",0,6,8,43,15,134,26,2025,8,"UT","West Valley,UT","City","West Valley,UT,City"
"Westfield",NA,NA,NA,NA,NA,NA,NA,2025,8,"IN","Westfield,IN","City","Westfield,IN,City"
"Westland",1,1,1,30,12,105,14,2025,8,"MI","Westland,MI","City","Westland,MI,City"
"Westminster",1,1,9,20,17,107,18,2025,6,"CA","Westminster,CA","City","Westminster,CA,City"
"Westminster",0,6,4,16,10,140,32,2025,8,"CO","Westminster,CO","City","Westminster,CO,City"
"Weymouth",0,0,1,22,8,17,13,2025,8,"MA","Weymouth,MA","City","Weymouth,MA,City"
"Wichita Falls",1,5,3,24,29,164,15,2025,8,"TX","Wichita Falls,TX","City","Wichita Falls,TX,City"
"Will",0,6,0,10,7,29,7,2025,8,"IL","Will,IL","County","Will,IL,County"
"Williamson",1,9,0,9,27,66,4,2025,8,"TX","Williamson,TX","County","Williamson,TX,County"
"Wilmington",0,2,5,31,45,272,16,2025,8,"NC","Wilmington,NC","City","Wilmington,NC,City"
"Winston-Salem",NA,NA,NA,NA,NA,NA,NA,2025,8,"NC","Winston-Salem,NC","City","Winston-Salem,NC,City"
"Woodbury",0,0,1,0,13,76,1,2025,8,"MN","Woodbury,MN","City","Woodbury,MN,City"
"Worcester",NA,NA,NA,NA,NA,NA,NA,2025,8,"MA","Worcester,MA","City","Worcester,MA,City"
"Wright",0,3,0,5,1,20,2,2025,8,"MN","Wright,MN","County","Wright,MN,County"
"Wylie",0,0,0,1,2,29,0,2025,8,"TX","Wylie,TX","City","Wylie,TX,City"
"Wyoming",0,10,0,29,15,130,4,2025,8,"MI","Wyoming,MI","City","Wyoming,MI,City"
"Yakima",NA,NA,NA,NA,NA,NA,NA,2025,8,"WA","Yakima,WA","City","Yakima,WA,City"
"Yorba Linda",0,0,0,5,2,18,3,2025,8,"CA","Yorba Linda,CA","City","Yorba Linda,CA,City"
"Youngstown",NA,NA,NA,NA,NA,NA,NA,2025,8,"OH","Youngstown,OH","City","Youngstown,OH,City"
"Yuma",0,4,1,20,16,76,5,2025,8,"AZ","Yuma,AZ","City","Yuma,AZ,City"
